name,auto_budget,currency,auto_budget_amount,auto_budget_period,attachments
45lE-)&3mnA222,Set a fixed amount every period,8,9401,Monthly,Attachments File/Report_1MB.csv
85kM-)&1jcH222,Set a fixed amount every period,8,56289,Yearly,Attachments File/Report_1MB.csv
,Add an amount every period,1,89580,Yearly,Attachments File/Report_1MB.csv
79vA-)&27yC222,Add an amount every period,8,20276,Weekly,Attachments File/Report_65MB.csv
37rH-)&16uX222,Set a fixed amount every period,8,,Yearly,Attachments File/Report_65MB.csv
30fC-)&6gdK222,No auto-budget,8,68766,Weekly,Attachments File/Report_65MB.csv
65aV-)&1aoW222,Add an amount every period,8,87990,Yearly,Attachments File/Report_1MB.csv
39uA-)&7erO222,Add an amount every period,8,83344,Daily,Attachments File/Report_1MB.csv
99wT-)&5ihX222,No auto-budget,1,5997,Daily,Attachments File/Report_1MB.csv
60tQ-)&235H222,Add an amount every period and correct for overspending,1,75526,Yearly,Attachments File/Report_1MB.csv
18tH-)&45gI222,Add an amount every period and correct for overspending,8,60440,Daily,Attachments File/Report_65MB.csv
67aQ-)&0q3P222,Add an amount every period,1,902,Yearly,Attachments File/Report_1MB.csv
28gN-)&7bwG222,Add an amount every period,1,5892,Weekly,Attachments File/Report_1MB.csv
75jE-)&2ryO222,No auto-budget,8,91015,Yearly,Attachments File/Report_65MB.csv
45yG-)&54wT222,Add an amount every period and correct for overspending,8,71989,,Attachments File/Report_65MB.csv
11qU-)&9mrL222,No auto-budget,1,39395,Weekly,Attachments File/Report_1MB.csv
02yB-)&0plW222,Set a fixed amount every period,1,68013,Monthly,Attachments File/Report_1MB.csv
75dZ-)&4rdR222,Add an amount every period and correct for overspending,8,2409,Daily,Attachments File/Report_1MB.csv
24tZ-)&9toZ222,Set a fixed amount every period,1,,Yearly,Attachments File/Report_1MB.csv
25cE-)&0l1J222,Add an amount every period,1,12976,Weekly,Attachments File/Report_1MB.csv
74vS-)&8xdI222,Add an amount every period and correct for overspending,8,90275,Monthly,Attachments File/Report_1MB.csv
71aE-)&2r9F222,Set a fixed amount every period,8,39543,Weekly,Attachments File/Report_1MB.csv
23nF-)&0lzQ222,Add an amount every period,8,5944,Yearly,Attachments File/Report_65MB.csv
09aK-)&8ltG222,Add an amount every period and correct for overspending,8,56837,Weekly,
91rH-)&7aaN222,Add an amount every period,1,2057,Daily,Attachments File/Report_65MB.csv
04kI-)&0pkI222,Add an amount every period,8,9580,Monthly,
47tM-)&1lyN222,Add an amount every period and correct for overspending,8,8585,Weekly,Attachments File/Report_1MB.csv
04uV-)&42jX222,Add an amount every period and correct for overspending,1,57223,Yearly,Attachments File/Report_1MB.csv
21kG-)&66mQ222,Add an amount every period,1,3349,Yearly,Attachments File/Report_1MB.csv
76dS-)&118H222,Set a fixed amount every period,8,21936,Weekly,Attachments File/Report_65MB.csv
99zV-)&2ovK222,No auto-budget,1,76686,Daily,Attachments File/Report_1MB.csv
39qV-)&9khP222,No auto-budget,8,17073,Weekly,Attachments File/Report_65MB.csv
70xP-)&3saB222,Set a fixed amount every period,1,51465,Weekly,Attachments File/Report_1MB.csv
32sL-)&01pX222,Set a fixed amount every period,8,15925,Monthly,Attachments File/Report_1MB.csv
54uK-)&2ygS222,Add an amount every period,1,7621,Yearly,Attachments File/Report_1MB.csv
26tD-)&820M222,No auto-budget,1,57488,Weekly,Attachments File/Report_1MB.csv
94sT-)&0whZ222,Add an amount every period and correct for overspending,1,61833,Weekly,Attachments File/Report_1MB.csv
44xP-)&7q2R222,Add an amount every period and correct for overspending,1,44348,Daily,Attachments File/Report_1MB.csv
31oV-)&5pmL222,No auto-budget,8,34698,Weekly,Attachments File/Report_1MB.csv
59tH-)&9f2V222,No auto-budget,8,37517,Weekly,Attachments File/Report_1MB.csv
51dB-)&4yuX222,Set a fixed amount every period,1,,Weekly,Attachments File/Report_1MB.csv
29dG-)&3a4Z222,Add an amount every period and correct for overspending,1,45655,Daily,Attachments File/Report_1MB.csv
29aL-)&7uuI222,Set a fixed amount every period,1,83409,Yearly,Attachments File/Report_65MB.csv
53vD-)&0vcV222,Set a fixed amount every period,1,51750,Monthly,Attachments File/Report_1MB.csv
85oX-)&5g9N222,No auto-budget,8,83422,Daily,
55pX-)&5usK222,Add an amount every period and correct for overspending,1,10233,Weekly,Attachments File/Report_1MB.csv
06bG-)&0x2L222,Set a fixed amount every period,8,59123,,Attachments File/Report_65MB.csv
64iA-)&94lC222,Add an amount every period and correct for overspending,8,17858,Yearly,Attachments File/Report_1MB.csv
75bX-)&7dxA222,No auto-budget,8,49052,Weekly,
81cO-)&01uX222,Set a fixed amount every period,8,85112,Weekly,Attachments File/Report_65MB.csv
41gT-)&583C222,Add an amount every period and correct for overspending,8,36262,Monthly,Attachments File/Report_1MB.csv
34kM-)&9kcJ222,No auto-budget,1,47861,Yearly,Attachments File/Report_1MB.csv
16dO-)&5pdQ222,No auto-budget,8,97889,,Attachments File/Report_1MB.csv
45sR-)&8zaC222,Add an amount every period and correct for overspending,1,79241,Daily,Attachments File/Report_1MB.csv
00mT-)&285P222,Add an amount every period and correct for overspending,1,21589,Weekly,Attachments File/Report_1MB.csv
93hH-)&9a3N222,Set a fixed amount every period,8,98310,Daily,Attachments File/Report_1MB.csv
84iY-)&1cvE222,Add an amount every period and correct for overspending,8,66910,,Attachments File/Report_1MB.csv
96aB-)&5skB222,No auto-budget,1,31135,Daily,Attachments File/Report_1MB.csv
58nQ-)&6klR222,No auto-budget,1,43385,Yearly,Attachments File/Report_1MB.csv
06lZ-)&5jcV222,No auto-budget,8,,Yearly,
13gM-)&590Z222,Set a fixed amount every period,1,55015,Weekly,Attachments File/Report_1MB.csv
46aH-)&5xqU222,Set a fixed amount every period,8,87854,Daily,Attachments File/Report_65MB.csv
39fI-)&0zbH222,Set a fixed amount every period,1,13614,Monthly,Attachments File/Report_1MB.csv
51wR-)&7n2T222,Add an amount every period and correct for overspending,8,19998,Monthly,Attachments File/Report_1MB.csv
24oM-)&2inX222,Add an amount every period,8,85521,Daily,Attachments File/Report_1MB.csv
95sR-)&3szG222,Add an amount every period,8,51968,Yearly,
46pX-)&3y5O222,Add an amount every period,1,89647,Weekly,Attachments File/Report_1MB.csv
28wY-)&0kuV222,No auto-budget,1,38722,Weekly,Attachments File/Report_1MB.csv
30cH-)&779M222,No auto-budget,1,60060,Daily,Attachments File/Report_1MB.csv
59iV-)&355K222,Add an amount every period and correct for overspending,1,63599,Yearly,Attachments File/Report_1MB.csv
,No auto-budget,8,22445,Daily,Attachments File/Report_1MB.csv
31lH-)&2kqP222,Add an amount every period and correct for overspending,1,37193,Daily,Attachments File/Report_1MB.csv
25eC-)&00dD222,No auto-budget,8,70667,Daily,Attachments File/Report_1MB.csv
,No auto-budget,8,70770,Monthly,Attachments File/Report_1MB.csv
35kG-)&8qpH222,Set a fixed amount every period,1,97287,Daily,Attachments File/Report_1MB.csv
35iH-)&5pwT222,Add an amount every period,8,10869,Daily,Attachments File/Report_1MB.csv
88wE-)&8f2M222,Add an amount every period and correct for overspending,1,15731,Monthly,Attachments File/Report_1MB.csv
14zL-)&51cI222,Add an amount every period and correct for overspending,1,87774,,
69hJ-)&8eoC222,No auto-budget,1,17931,Weekly,Attachments File/Report_1MB.csv
04xY-)&02oZ222,Add an amount every period and correct for overspending,8,51348,Daily,Attachments File/Report_1MB.csv
19mY-)&29qN222,Add an amount every period and correct for overspending,1,55898,Weekly,Attachments File/Report_1MB.csv
75mG-)&01oJ222,Add an amount every period and correct for overspending,8,31254,,Attachments File/Report_1MB.csv
86dU-)&8qxF222,Add an amount every period and correct for overspending,1,80340,Monthly,
70bH-)&7riT222,No auto-budget,1,83402,,Attachments File/Report_1MB.csv
04pG-)&3aeH222,Set a fixed amount every period,8,80544,Weekly,Attachments File/Report_1MB.csv
05gH-)&4y7N222,No auto-budget,8,78916,Weekly,Attachments File/Report_1MB.csv
63fL-)&32lP222,Add an amount every period,1,80012,,
47eO-)&6zfN222,Add an amount every period and correct for overspending,8,93530,Daily,Attachments File/Report_1MB.csv
10zF-)&5y1J222,No auto-budget,8,82980,Weekly,Attachments File/Report_1MB.csv
02yB-)&5h4B222,Set a fixed amount every period,8,37267,Yearly,Attachments File/Report_1MB.csv
03yX-)&5wiT222,No auto-budget,8,27029,,Attachments File/Report_65MB.csv
12fX-)&4f4B222,Add an amount every period,1,23355,Weekly,
03vV-)&2o8A222,Add an amount every period and correct for overspending,1,81055,Daily,Attachments File/Report_1MB.csv
,No auto-budget,8,56439,Weekly,Attachments File/Report_65MB.csv
33xO-)&0vyU222,Add an amount every period and correct for overspending,1,29016,Yearly,
36dH-)&679G222,Set a fixed amount every period,8,71402,Daily,Attachments File/Report_1MB.csv
16yS-)&8mlS222,No auto-budget,1,86281,Monthly,Attachments File/Report_65MB.csv
11wW-)&3x7J222,No auto-budget,1,48409,Daily,Attachments File/Report_1MB.csv
04zI-)&4k0D222,Add an amount every period and correct for overspending,1,15907,Yearly,Attachments File/Report_1MB.csv
11oY-)&6olY222,Add an amount every period,1,92384,Daily,Attachments File/Report_1MB.csv
76mP-)&871S222,Set a fixed amount every period,8,3119,Weekly,Attachments File/Report_1MB.csv
34qA-)&2tyV222,Add an amount every period,8,2934,Daily,
95mU-)&8w9J222,Add an amount every period and correct for overspending,8,17790,Weekly,Attachments File/Report_1MB.csv
63gM-)&96sZ222,Add an amount every period and correct for overspending,8,71785,Daily,Attachments File/Report_65MB.csv
17xN-)&1kyX222,Add an amount every period,1,,Yearly,Attachments File/Report_1MB.csv
67oM-)&88cC222,Add an amount every period and correct for overspending,8,78011,Yearly,Attachments File/Report_1MB.csv
61pB-)&72uZ222,No auto-budget,1,18143,,Attachments File/Report_65MB.csv
,Add an amount every period,1,,Daily,Attachments File/Report_1MB.csv
85gK-)&8rwC222,Set a fixed amount every period,8,65886,Monthly,Attachments File/Report_1MB.csv
13gY-)&7dnF222,Add an amount every period,1,18580,Daily,Attachments File/Report_1MB.csv
48eA-)&24sG222,Add an amount every period and correct for overspending,1,,Weekly,Attachments File/Report_1MB.csv
17bS-)&313F222,Add an amount every period,1,93732,Daily,Attachments File/Report_1MB.csv
97tY-)&72qN222,No auto-budget,8,46968,Yearly,Attachments File/Report_1MB.csv
01bA-)&3qhM222,Add an amount every period and correct for overspending,8,43916,Yearly,Attachments File/Report_1MB.csv
86uF-)&5ttB222,Set a fixed amount every period,8,41361,Daily,
,Set a fixed amount every period,8,57887,Monthly,Attachments File/Report_1MB.csv
53gG-)&3pyH222,Add an amount every period and correct for overspending,8,64210,Yearly,Attachments File/Report_1MB.csv
11tA-)&6zcO222,Add an amount every period,8,53306,Monthly,
49jY-)&7qrA222,No auto-budget,1,27878,Weekly,Attachments File/Report_1MB.csv
41iA-)&31aU222,No auto-budget,8,13701,Daily,Attachments File/Report_65MB.csv
58tC-)&5dpV222,Set a fixed amount every period,8,87311,Monthly,Attachments File/Report_1MB.csv
27iG-)&813N222,Add an amount every period,8,61101,Daily,Attachments File/Report_1MB.csv
07cK-)&761A222,Add an amount every period and correct for overspending,8,22443,Daily,Attachments File/Report_65MB.csv
73rZ-)&4g7S222,Set a fixed amount every period,1,3806,Daily,Attachments File/Report_1MB.csv
,Add an amount every period and correct for overspending,8,47159,Monthly,Attachments File/Report_1MB.csv
64wU-)&799U222,Add an amount every period and correct for overspending,8,27349,Daily,Attachments File/Report_1MB.csv
88nM-)&35bM222,Add an amount every period and correct for overspending,1,70309,Monthly,Attachments File/Report_1MB.csv
14sZ-)&3j1Q222,Set a fixed amount every period,8,12999,,
25tO-)&4nxM222,Add an amount every period,8,38923,Weekly,Attachments File/Report_65MB.csv
21fS-)&8qnA222,Set a fixed amount every period,1,68831,Yearly,Attachments File/Report_1MB.csv
89bK-)&29jP222,Add an amount every period,8,46642,Monthly,Attachments File/Report_1MB.csv
05dI-)&306Y222,Add an amount every period,1,20899,Yearly,
93cA-)&58gW222,Set a fixed amount every period,1,35042,Yearly,Attachments File/Report_1MB.csv
07eQ-)&5deN222,Add an amount every period and correct for overspending,8,47831,Daily,Attachments File/Report_1MB.csv
97hI-)&7j0O222,Set a fixed amount every period,8,57388,Monthly,
37yN-)&7wvH222,Set a fixed amount every period,8,35978,Monthly,
90pH-)&6rsJ222,Set a fixed amount every period,1,40862,Weekly,Attachments File/Report_1MB.csv
39kC-)&7h2N222,Add an amount every period and correct for overspending,8,74315,Yearly,Attachments File/Report_1MB.csv
66hQ-)&5hcK222,Set a fixed amount every period,8,14892,Daily,Attachments File/Report_1MB.csv
29uC-)&2r2B222,No auto-budget,8,92181,,
15yZ-)&09mZ222,No auto-budget,1,10340,Daily,
93zM-)&2p2U222,Add an amount every period and correct for overspending,8,53062,Monthly,Attachments File/Report_1MB.csv
76xJ-)&7mgC222,Set a fixed amount every period,8,76242,Weekly,Attachments File/Report_1MB.csv
25zM-)&0e7M222,Set a fixed amount every period,1,85645,Yearly,Attachments File/Report_1MB.csv
23kO-)&77pH222,No auto-budget,8,13608,Daily,Attachments File/Report_1MB.csv
56cL-)&6y2S222,Set a fixed amount every period,1,37317,Daily,Attachments File/Report_65MB.csv
77uS-)&9yiG222,Add an amount every period,1,70762,,Attachments File/Report_65MB.csv
31uC-)&4kfS222,Set a fixed amount every period,1,23753,Weekly,
,No auto-budget,1,75502,Daily,Attachments File/Report_1MB.csv
42nZ-)&44fH222,Add an amount every period and correct for overspending,1,67098,Daily,
,No auto-budget,1,88269,Daily,Attachments File/Report_1MB.csv
53yK-)&93mC222,Add an amount every period and correct for overspending,1,20715,Monthly,Attachments File/Report_1MB.csv
,No auto-budget,8,57696,Monthly,Attachments File/Report_1MB.csv
73qE-)&0cfE222,Set a fixed amount every period,1,77611,Yearly,Attachments File/Report_1MB.csv
37bT-)&0ndX222,Add an amount every period,8,71043,Daily,Attachments File/Report_1MB.csv
89zU-)&7djO222,Add an amount every period,8,61616,Yearly,
91dV-)&65fH222,Add an amount every period,8,,Weekly,Attachments File/Report_1MB.csv
32pR-)&4flO222,Add an amount every period and correct for overspending,1,65597,Yearly,Attachments File/Report_1MB.csv
42lJ-)&4cwM222,Add an amount every period and correct for overspending,1,25865,Weekly,Attachments File/Report_65MB.csv
84kW-)&9lwF222,Set a fixed amount every period,8,96265,Monthly,Attachments File/Report_1MB.csv
50wG-)&9rsU222,No auto-budget,1,95064,Weekly,
00wH-)&72hL222,Add an amount every period and correct for overspending,1,25814,Yearly,Attachments File/Report_1MB.csv
71vL-)&5p3G222,Add an amount every period and correct for overspending,1,8225,,Attachments File/Report_65MB.csv
77sL-)&37sL222,Add an amount every period,8,,Daily,
95zI-)&5v0M222,No auto-budget,8,82266,,Attachments File/Report_1MB.csv
71jS-)&8w8T222,Set a fixed amount every period,8,18720,Monthly,Attachments File/Report_1MB.csv
18cR-)&6x8B222,Add an amount every period and correct for overspending,1,65265,Daily,Attachments File/Report_1MB.csv
66hY-)&0irA222,Add an amount every period,1,68448,Yearly,Attachments File/Report_65MB.csv
04wW-)&8hoX222,No auto-budget,8,76983,Monthly,Attachments File/Report_1MB.csv
12hI-)&83lK222,Add an amount every period,8,64840,Weekly,Attachments File/Report_1MB.csv
45xE-)&5prR222,Add an amount every period,1,10596,Yearly,Attachments File/Report_1MB.csv
74oJ-)&8t5L222,No auto-budget,8,18081,Weekly,Attachments File/Report_1MB.csv
64bF-)&4omU222,Add an amount every period,1,4227,Monthly,Attachments File/Report_1MB.csv
11vM-)&6xvQ222,Add an amount every period,8,13850,Monthly,Attachments File/Report_65MB.csv
33nU-)&3paO222,Set a fixed amount every period,1,34577,Weekly,Attachments File/Report_65MB.csv
21mB-)&2eqE222,No auto-budget,8,95616,Monthly,Attachments File/Report_1MB.csv
56qP-)&7rnR222,Add an amount every period,8,,Daily,Attachments File/Report_1MB.csv
61uL-)&5skM222,Set a fixed amount every period,1,56252,Yearly,Attachments File/Report_65MB.csv
38pA-)&93hT222,Add an amount every period,1,51673,,Attachments File/Report_1MB.csv
44eA-)&4ugG222,No auto-budget,1,65124,Monthly,Attachments File/Report_65MB.csv
11iE-)&3pvT222,No auto-budget,1,55427,Yearly,Attachments File/Report_65MB.csv
13dV-)&7fbT222,Add an amount every period and correct for overspending,1,4019,Monthly,Attachments File/Report_1MB.csv
95bN-)&3enE222,Set a fixed amount every period,8,85508,Monthly,Attachments File/Report_1MB.csv
21cT-)&6vrT222,Add an amount every period,1,59309,Daily,Attachments File/Report_1MB.csv
82sT-)&5fnW222,No auto-budget,8,15311,Weekly,Attachments File/Report_1MB.csv
66uI-)&29fZ222,Set a fixed amount every period,8,13753,Daily,Attachments File/Report_65MB.csv
73fS-)&3f1K222,Add an amount every period,8,75927,Weekly,Attachments File/Report_1MB.csv
41jN-)&8c7U222,Add an amount every period,8,8028,Weekly,Attachments File/Report_65MB.csv
52hR-)&0anE222,Add an amount every period,1,45760,Daily,Attachments File/Report_1MB.csv
49jH-)&98tC222,Set a fixed amount every period,8,18937,Monthly,Attachments File/Report_65MB.csv
07lB-)&9ixP222,Add an amount every period,1,61129,Monthly,
82aG-)&6j1M222,Add an amount every period,1,72616,Monthly,Attachments File/Report_1MB.csv
79iD-)&69uH222,Add an amount every period,1,46695,Yearly,Attachments File/Report_1MB.csv
21bV-)&4jvE222,Add an amount every period and correct for overspending,8,82661,Weekly,Attachments File/Report_1MB.csv
31pF-)&5wfY222,Set a fixed amount every period,8,77615,Yearly,
04wJ-)&3myP222,Add an amount every period and correct for overspending,1,23509,,Attachments File/Report_1MB.csv
08tL-)&2djG222,Add an amount every period and correct for overspending,1,68165,Daily,Attachments File/Report_1MB.csv
24lF-)&4g8N222,Add an amount every period and correct for overspending,8,92054,Weekly,Attachments File/Report_1MB.csv
,No auto-budget,8,97841,Daily,Attachments File/Report_65MB.csv
59kC-)&02rP222,Add an amount every period and correct for overspending,1,8515,Weekly,Attachments File/Report_1MB.csv
66cT-)&2j3Y222,Set a fixed amount every period,8,86756,Monthly,Attachments File/Report_65MB.csv
08gL-)&0hsP222,Set a fixed amount every period,1,44123,Weekly,Attachments File/Report_1MB.csv
95lD-)&9orL222,Add an amount every period,1,61519,Monthly,Attachments File/Report_1MB.csv
17gY-)&0j7D222,Add an amount every period,1,10716,Yearly,Attachments File/Report_1MB.csv
08pJ-)&3wqN222,Add an amount every period and correct for overspending,8,56475,Weekly,Attachments File/Report_1MB.csv
57eA-)&4otN222,Set a fixed amount every period,8,16948,Daily,Attachments File/Report_1MB.csv
60tI-)&6pfQ222,Set a fixed amount every period,8,98923,Daily,Attachments File/Report_1MB.csv
45eB-)&9xbZ222,Add an amount every period,1,8661,Daily,Attachments File/Report_1MB.csv
23jR-)&14kU222,Add an amount every period,1,14895,Monthly,Attachments File/Report_1MB.csv
23pD-)&7gbE222,Add an amount every period and correct for overspending,1,76998,Yearly,Attachments File/Report_1MB.csv
95qA-)&0hcZ222,Set a fixed amount every period,1,16581,Monthly,
89mK-)&9i2Q222,Add an amount every period,8,24818,Weekly,
,Set a fixed amount every period,8,24040,Daily,Attachments File/Report_1MB.csv
36vF-)&0k6X222,No auto-budget,1,74545,Weekly,Attachments File/Report_1MB.csv
06gV-)&4gxY222,No auto-budget,1,96466,Daily,Attachments File/Report_1MB.csv
87fL-)&89zP222,Set a fixed amount every period,8,26827,Weekly,Attachments File/Report_1MB.csv
76zM-)&27sT222,No auto-budget,1,43891,Yearly,Attachments File/Report_1MB.csv
16aU-)&6zqU222,No auto-budget,8,58522,Yearly,Attachments File/Report_1MB.csv
46uY-)&40nK222,Set a fixed amount every period,8,,Yearly,
20bD-)&606I222,Add an amount every period and correct for overspending,8,1652,Monthly,Attachments File/Report_1MB.csv
29rH-)&6jaN222,Add an amount every period and correct for overspending,8,31536,Yearly,Attachments File/Report_1MB.csv
73aC-)&66hU222,Add an amount every period and correct for overspending,8,87349,Monthly,Attachments File/Report_65MB.csv
36jS-)&6gzI222,Set a fixed amount every period,1,62219,Monthly,Attachments File/Report_1MB.csv
82kZ-)&2ppA222,Add an amount every period and correct for overspending,1,37657,Weekly,Attachments File/Report_1MB.csv
19xE-)&966X222,Set a fixed amount every period,8,85473,Monthly,Attachments File/Report_1MB.csv
42kH-)&4a5E222,No auto-budget,1,57179,Daily,Attachments File/Report_1MB.csv
62wX-)&2lgK222,No auto-budget,1,94648,Daily,Attachments File/Report_1MB.csv
50aH-)&7w4L222,No auto-budget,1,75605,Yearly,Attachments File/Report_1MB.csv
60aP-)&4hmQ222,Add an amount every period,8,11588,Yearly,Attachments File/Report_65MB.csv
80lK-)&2w8A222,Add an amount every period and correct for overspending,8,57514,Monthly,Attachments File/Report_1MB.csv
96zO-)&7uxI222,Add an amount every period and correct for overspending,1,99464,Daily,Attachments File/Report_1MB.csv
66jR-)&88eY222,No auto-budget,8,62557,Yearly,Attachments File/Report_1MB.csv
31uE-)&1lxW222,Add an amount every period and correct for overspending,1,82225,Weekly,Attachments File/Report_1MB.csv
86wC-)&3ztX222,No auto-budget,1,25813,Weekly,Attachments File/Report_1MB.csv
07gZ-)&6k5K222,Add an amount every period and correct for overspending,8,89503,Weekly,Attachments File/Report_1MB.csv
47hJ-)&0iwO222,Add an amount every period,1,50210,Weekly,Attachments File/Report_1MB.csv
29fW-)&0t4G222,Set a fixed amount every period,1,34698,Yearly,Attachments File/Report_1MB.csv
30bE-)&565O222,Add an amount every period and correct for overspending,1,81652,Daily,Attachments File/Report_1MB.csv
20sG-)&5ctP222,Add an amount every period,1,73828,Daily,Attachments File/Report_1MB.csv
99lZ-)&7yhP222,Add an amount every period and correct for overspending,1,96878,Yearly,Attachments File/Report_1MB.csv
91qU-)&6j2T222,Set a fixed amount every period,8,67005,Weekly,
55uW-)&02xS222,Add an amount every period,1,26459,Weekly,Attachments File/Report_1MB.csv
90gN-)&9esF222,Add an amount every period and correct for overspending,1,60428,Monthly,Attachments File/Report_65MB.csv
08gL-)&8jgN222,Set a fixed amount every period,8,39937,Yearly,Attachments File/Report_1MB.csv
43hA-)&8brY222,Set a fixed amount every period,8,19653,Monthly,Attachments File/Report_1MB.csv
,Add an amount every period,1,62468,Monthly,Attachments File/Report_1MB.csv
,No auto-budget,1,47134,Weekly,Attachments File/Report_1MB.csv
81dD-)&3p1E222,Add an amount every period,1,83042,Monthly,Attachments File/Report_1MB.csv
01mU-)&1byM222,No auto-budget,8,57265,Yearly,Attachments File/Report_1MB.csv
89cF-)&41dJ222,No auto-budget,8,,Weekly,Attachments File/Report_1MB.csv
,Add an amount every period and correct for overspending,8,84907,Weekly,Attachments File/Report_1MB.csv
88fN-)&0juF222,Set a fixed amount every period,1,45643,Daily,
96pL-)&8b6V222,No auto-budget,1,66394,Yearly,Attachments File/Report_1MB.csv
54sN-)&129I222,No auto-budget,1,35631,Weekly,Attachments File/Report_1MB.csv
04iB-)&975H222,Add an amount every period,8,22761,Monthly,Attachments File/Report_65MB.csv
39dK-)&5skA222,Add an amount every period and correct for overspending,8,82530,Monthly,Attachments File/Report_1MB.csv
32eG-)&0jkL222,Add an amount every period,1,15672,Yearly,Attachments File/Report_65MB.csv
31tI-)&6y5E222,Add an amount every period,1,13868,Yearly,Attachments File/Report_1MB.csv
70kE-)&26kK222,Add an amount every period and correct for overspending,1,28928,Daily,Attachments File/Report_1MB.csv
26rQ-)&4lrA222,No auto-budget,1,68895,Monthly,Attachments File/Report_1MB.csv
64vT-)&51wU222,No auto-budget,1,72299,Yearly,Attachments File/Report_65MB.csv
57eR-)&62aK222,Add an amount every period and correct for overspending,8,96831,Yearly,Attachments File/Report_65MB.csv
92mU-)&4k6A222,No auto-budget,8,97866,Yearly,Attachments File/Report_1MB.csv
,Add an amount every period,8,19456,Monthly,Attachments File/Report_65MB.csv
13xU-)&2vaT222,Add an amount every period and correct for overspending,8,77276,Monthly,Attachments File/Report_65MB.csv
49jO-)&858F222,Add an amount every period,1,52655,Monthly,Attachments File/Report_1MB.csv
71bX-)&4mqI222,Add an amount every period and correct for overspending,1,42996,Monthly,Attachments File/Report_1MB.csv
06fO-)&7tpP222,Set a fixed amount every period,8,83954,Daily,Attachments File/Report_1MB.csv
82bM-)&8ozT222,No auto-budget,8,17486,Weekly,Attachments File/Report_1MB.csv
19jO-)&6x4C222,No auto-budget,1,,Weekly,Attachments File/Report_1MB.csv
37uG-)&0phA222,Add an amount every period,8,25785,Weekly,Attachments File/Report_1MB.csv
54wE-)&3z4N222,Add an amount every period,8,89935,,Attachments File/Report_65MB.csv
09tH-)&1faJ222,Add an amount every period,8,37833,Daily,Attachments File/Report_1MB.csv
17oI-)&5beK222,Add an amount every period and correct for overspending,8,58067,Weekly,Attachments File/Report_65MB.csv
,Add an amount every period and correct for overspending,8,81290,Weekly,Attachments File/Report_1MB.csv
97yN-)&1kxR222,No auto-budget,8,35031,Weekly,Attachments File/Report_1MB.csv
12mW-)&2ubL222,Add an amount every period,8,,Weekly,
,Add an amount every period and correct for overspending,8,2110,Daily,Attachments File/Report_65MB.csv
05eL-)&1n9G222,Add an amount every period,8,5635,Monthly,Attachments File/Report_1MB.csv
15dI-)&3deE222,Add an amount every period,8,71919,Daily,Attachments File/Report_65MB.csv
92pR-)&8ymF222,Set a fixed amount every period,8,12932,Yearly,Attachments File/Report_1MB.csv
36wM-)&5egU222,Add an amount every period,8,56571,Daily,Attachments File/Report_1MB.csv
,Set a fixed amount every period,1,34036,Monthly,Attachments File/Report_1MB.csv
27pG-)&2z3T222,Add an amount every period,8,41060,Weekly,Attachments File/Report_1MB.csv
,Add an amount every period,8,48939,Yearly,Attachments File/Report_1MB.csv
72zN-)&33wP222,No auto-budget,8,42655,Monthly,Attachments File/Report_1MB.csv
74lY-)&11dE222,Add an amount every period,8,25235,Yearly,
32sH-)&1arH222,Add an amount every period,1,9812,Yearly,Attachments File/Report_1MB.csv
64cS-)&854M222,No auto-budget,1,36459,Weekly,
27pT-)&0bqL222,Add an amount every period and correct for overspending,8,33287,Weekly,
68qL-)&5cyJ222,Add an amount every period and correct for overspending,8,7557,Weekly,Attachments File/Report_1MB.csv
85cR-)&860L222,Set a fixed amount every period,1,21730,Daily,Attachments File/Report_1MB.csv
83gE-)&725G222,Add an amount every period and correct for overspending,1,26264,,Attachments File/Report_1MB.csv
80zH-)&55oJ222,Add an amount every period,1,13403,Weekly,Attachments File/Report_1MB.csv
86pR-)&8tfA222,Set a fixed amount every period,8,71974,Yearly,Attachments File/Report_1MB.csv
,Set a fixed amount every period,1,18570,Monthly,Attachments File/Report_1MB.csv
15jB-)&0wtA222,Add an amount every period and correct for overspending,1,47033,Weekly,Attachments File/Report_1MB.csv
56uC-)&9lbD222,Set a fixed amount every period,8,19439,Daily,Attachments File/Report_1MB.csv
,Add an amount every period and correct for overspending,8,51042,,Attachments File/Report_1MB.csv
67wD-)&22hU222,Set a fixed amount every period,8,99230,Yearly,Attachments File/Report_1MB.csv
10uJ-)&3t6T222,Add an amount every period,8,79910,Weekly,
74hE-)&456X222,Add an amount every period,1,57996,Daily,
55hL-)&0fjT222,Add an amount every period,8,96360,Weekly,Attachments File/Report_1MB.csv
20mI-)&3aiZ222,No auto-budget,8,392,Daily,Attachments File/Report_65MB.csv
80kQ-)&48kE222,Add an amount every period,8,15214,Weekly,Attachments File/Report_1MB.csv
01uT-)&6j4E222,No auto-budget,8,91408,Monthly,Attachments File/Report_1MB.csv
81tK-)&4gvT222,No auto-budget,1,64649,Weekly,Attachments File/Report_65MB.csv
50hR-)&8a6P222,Add an amount every period and correct for overspending,8,68453,Yearly,Attachments File/Report_1MB.csv
90cH-)&2v0G222,No auto-budget,8,18673,Weekly,Attachments File/Report_1MB.csv
40dF-)&517Z222,Add an amount every period,8,60510,Weekly,Attachments File/Report_65MB.csv
65rG-)&2cnG222,Set a fixed amount every period,1,83056,Weekly,Attachments File/Report_1MB.csv
04lK-)&1wtE222,Add an amount every period,1,,Weekly,Attachments File/Report_1MB.csv
00rK-)&6ckV222,Set a fixed amount every period,1,74582,Monthly,Attachments File/Report_1MB.csv
95pU-)&4jqK222,Set a fixed amount every period,1,13344,,Attachments File/Report_1MB.csv
68iF-)&9bpL222,Set a fixed amount every period,1,47270,Yearly,Attachments File/Report_1MB.csv
60vC-)&4kaE222,Add an amount every period,1,52371,Monthly,Attachments File/Report_65MB.csv
29dD-)&1k6K222,Add an amount every period and correct for overspending,1,95773,,Attachments File/Report_1MB.csv
95aC-)&6puZ222,Set a fixed amount every period,1,31885,Yearly,Attachments File/Report_1MB.csv
92jS-)&8okH222,No auto-budget,1,14760,Weekly,Attachments File/Report_1MB.csv
20mR-)&8oyU222,Add an amount every period and correct for overspending,8,670,Yearly,Attachments File/Report_1MB.csv
96hL-)&6i5W222,Set a fixed amount every period,8,54749,Yearly,Attachments File/Report_1MB.csv
56rK-)&2ncF222,No auto-budget,8,61193,Daily,Attachments File/Report_1MB.csv
46uK-)&6phG222,Add an amount every period,8,95225,Monthly,Attachments File/Report_1MB.csv
20qF-)&8ppT222,Add an amount every period and correct for overspending,1,65067,Weekly,Attachments File/Report_1MB.csv
38dW-)&0nxY222,Add an amount every period,1,76682,Weekly,Attachments File/Report_1MB.csv
15wP-)&4duW222,Set a fixed amount every period,1,24062,Weekly,Attachments File/Report_1MB.csv
27mL-)&0qpT222,Add an amount every period and correct for overspending,1,49529,Monthly,Attachments File/Report_1MB.csv
05vW-)&3xbF222,Add an amount every period and correct for overspending,1,14897,Weekly,Attachments File/Report_1MB.csv
38lO-)&5v4J222,Set a fixed amount every period,1,78752,Weekly,Attachments File/Report_1MB.csv
29yB-)&6wdU222,Add an amount every period and correct for overspending,1,213,,Attachments File/Report_1MB.csv
05jN-)&16nL222,No auto-budget,1,17992,Daily,
21hJ-)&6j0H222,Add an amount every period and correct for overspending,1,88784,Weekly,Attachments File/Report_1MB.csv
02iJ-)&1vjP222,Set a fixed amount every period,1,6887,Yearly,Attachments File/Report_1MB.csv
76sA-)&78yD222,Set a fixed amount every period,1,47661,Yearly,
96vN-)&1ttG222,Set a fixed amount every period,1,38064,Weekly,Attachments File/Report_1MB.csv
95cE-)&7nrL222,Set a fixed amount every period,8,7212,Weekly,Attachments File/Report_1MB.csv
98lG-)&191N222,Add an amount every period,1,34876,Weekly,
18yQ-)&0eiB222,Add an amount every period,8,23972,Yearly,Attachments File/Report_1MB.csv
82aT-)&7t4C222,Add an amount every period and correct for overspending,1,90927,Yearly,Attachments File/Report_65MB.csv
80tU-)&2ejQ222,Add an amount every period,1,52058,Daily,Attachments File/Report_1MB.csv
12xZ-)&5rmP222,No auto-budget,8,47553,Daily,Attachments File/Report_1MB.csv
,Set a fixed amount every period,8,73955,Daily,Attachments File/Report_1MB.csv
48eJ-)&1wsC222,No auto-budget,1,41294,Daily,
33iG-)&5xrD222,No auto-budget,8,71726,Monthly,Attachments File/Report_1MB.csv
76bN-)&9rpI222,Add an amount every period,1,78720,Weekly,Attachments File/Report_1MB.csv
14iG-)&4myK222,No auto-budget,8,30222,Monthly,Attachments File/Report_1MB.csv
26fC-)&9d2M222,Add an amount every period and correct for overspending,8,53663,Weekly,Attachments File/Report_1MB.csv
09hF-)&73xI222,No auto-budget,8,59440,Daily,Attachments File/Report_1MB.csv
27sU-)&0euC222,No auto-budget,8,21127,Weekly,Attachments File/Report_1MB.csv
27gZ-)&2fcO222,No auto-budget,8,85850,Yearly,Attachments File/Report_1MB.csv
07bY-)&0rmY222,Add an amount every period and correct for overspending,8,21086,Daily,Attachments File/Report_1MB.csv
85vA-)&39zA222,Set a fixed amount every period,8,53364,Yearly,Attachments File/Report_1MB.csv
77aK-)&87iD222,Add an amount every period,8,33036,Daily,Attachments File/Report_1MB.csv
44oI-)&8xeN222,Set a fixed amount every period,1,30019,Daily,Attachments File/Report_1MB.csv
64jK-)&8uzO222,Set a fixed amount every period,8,,Yearly,Attachments File/Report_1MB.csv
34gW-)&1kaN222,Set a fixed amount every period,1,61476,,Attachments File/Report_1MB.csv
44lA-)&1s5P222,No auto-budget,1,2285,Weekly,Attachments File/Report_65MB.csv
50iF-)&0c2G222,Add an amount every period,8,78092,Yearly,Attachments File/Report_1MB.csv
76fW-)&5u4F222,Set a fixed amount every period,8,2987,Weekly,Attachments File/Report_1MB.csv
22oX-)&3j5G222,Set a fixed amount every period,8,78914,Weekly,Attachments File/Report_65MB.csv
71qR-)&26sL222,No auto-budget,8,66608,Weekly,Attachments File/Report_65MB.csv
34oV-)&7wqC222,Add an amount every period and correct for overspending,8,48455,Yearly,Attachments File/Report_1MB.csv
46fZ-)&1ajE222,Add an amount every period,8,26,Daily,Attachments File/Report_1MB.csv
72tO-)&1y0H222,Add an amount every period and correct for overspending,8,2585,Daily,Attachments File/Report_1MB.csv
24vU-)&0s1X222,No auto-budget,8,89092,Yearly,Attachments File/Report_65MB.csv
94pE-)&7uoK222,Add an amount every period and correct for overspending,1,43434,Daily,Attachments File/Report_65MB.csv
94nM-)&7k6O222,Add an amount every period and correct for overspending,1,30770,Yearly,Attachments File/Report_1MB.csv
64yQ-)&9yxX222,Add an amount every period and correct for overspending,1,58545,Weekly,Attachments File/Report_1MB.csv
93hU-)&2x2B222,Add an amount every period,8,41776,Yearly,Attachments File/Report_1MB.csv
56eH-)&4q6P222,Add an amount every period and correct for overspending,8,29841,Monthly,Attachments File/Report_1MB.csv
85gC-)&2thH222,No auto-budget,8,39705,Yearly,
59aL-)&6bwR222,No auto-budget,1,88316,Daily,Attachments File/Report_65MB.csv
85gT-)&8j4Q222,No auto-budget,8,99478,Weekly,Attachments File/Report_65MB.csv
13cX-)&5orE222,No auto-budget,1,5817,Weekly,Attachments File/Report_1MB.csv
97tL-)&66wP222,Set a fixed amount every period,8,96188,Daily,
22lB-)&43gQ222,Add an amount every period,8,67170,Daily,Attachments File/Report_1MB.csv
41rC-)&4ttY222,Add an amount every period,8,49714,Monthly,Attachments File/Report_1MB.csv
04nD-)&19nL222,Add an amount every period and correct for overspending,1,52788,,Attachments File/Report_65MB.csv
64uA-)&55sA222,Add an amount every period and correct for overspending,8,32599,Daily,Attachments File/Report_1MB.csv
33hP-)&1koF222,No auto-budget,1,56858,Weekly,Attachments File/Report_1MB.csv
75xH-)&7g9Q222,Add an amount every period and correct for overspending,8,37648,Weekly,Attachments File/Report_1MB.csv
29wL-)&5pgP222,No auto-budget,8,91660,Daily,Attachments File/Report_1MB.csv
69hV-)&9nxZ222,Add an amount every period and correct for overspending,8,,Monthly,Attachments File/Report_1MB.csv
16kB-)&3d7O222,No auto-budget,8,34685,Weekly,Attachments File/Report_1MB.csv
88bS-)&0l4Y222,Add an amount every period and correct for overspending,1,52687,Daily,Attachments File/Report_65MB.csv
67tS-)&55cX222,No auto-budget,8,80390,Monthly,Attachments File/Report_1MB.csv
,Add an amount every period,1,73973,Daily,
47vV-)&0klO222,No auto-budget,1,45850,Yearly,Attachments File/Report_1MB.csv
37sN-)&0ybN222,Add an amount every period and correct for overspending,8,,Yearly,Attachments File/Report_1MB.csv
61oN-)&43sM222,Add an amount every period,1,52705,Yearly,Attachments File/Report_1MB.csv
92dC-)&1llF222,Add an amount every period,8,80544,Weekly,Attachments File/Report_65MB.csv
39uU-)&9h3F222,Set a fixed amount every period,8,52551,Weekly,Attachments File/Report_1MB.csv
30hR-)&167D222,Add an amount every period and correct for overspending,1,59130,Daily,Attachments File/Report_1MB.csv
76gG-)&5f5T222,No auto-budget,1,45957,Monthly,Attachments File/Report_65MB.csv
48pY-)&76iA222,Set a fixed amount every period,1,50218,Daily,Attachments File/Report_1MB.csv
51mM-)&23cZ222,Add an amount every period,8,58688,Weekly,Attachments File/Report_1MB.csv
19sD-)&8okW222,Add an amount every period and correct for overspending,8,3597,,Attachments File/Report_1MB.csv
05cR-)&74xA222,Set a fixed amount every period,1,,Daily,Attachments File/Report_1MB.csv
30kX-)&90rS222,Add an amount every period and correct for overspending,1,62224,Weekly,Attachments File/Report_1MB.csv
30wD-)&7leR222,Set a fixed amount every period,1,78683,Daily,Attachments File/Report_1MB.csv
22nH-)&207R222,Set a fixed amount every period,1,93020,Daily,Attachments File/Report_1MB.csv
29iC-)&2l8S222,No auto-budget,1,78347,Yearly,Attachments File/Report_1MB.csv
87dQ-)&78hK222,No auto-budget,1,42202,Monthly,
81xA-)&7rgG222,Add an amount every period and correct for overspending,8,63628,Yearly,Attachments File/Report_1MB.csv
25wN-)&04gZ222,No auto-budget,1,95300,Yearly,Attachments File/Report_65MB.csv
23eR-)&4ucE222,Set a fixed amount every period,1,23812,Daily,Attachments File/Report_1MB.csv
61zE-)&6jsW222,No auto-budget,1,75208,Monthly,
32lW-)&0ajK222,Add an amount every period and correct for overspending,1,83612,Weekly,Attachments File/Report_1MB.csv
87mG-)&6v1U222,Add an amount every period,8,73072,Yearly,Attachments File/Report_1MB.csv
39xD-)&1v1N222,Add an amount every period and correct for overspending,1,37708,Yearly,Attachments File/Report_1MB.csv
27cG-)&82uY222,Set a fixed amount every period,1,83933,Daily,Attachments File/Report_1MB.csv
18pX-)&5f1H222,Add an amount every period and correct for overspending,1,59509,Weekly,
43sT-)&62kQ222,Add an amount every period and correct for overspending,8,5431,Yearly,Attachments File/Report_1MB.csv
70kU-)&2ddL222,Set a fixed amount every period,8,45708,Yearly,Attachments File/Report_1MB.csv
84sP-)&7peZ222,No auto-budget,8,59308,Weekly,Attachments File/Report_1MB.csv
66pX-)&2waA222,Add an amount every period and correct for overspending,1,8483,Weekly,Attachments File/Report_1MB.csv
52kW-)&0tnV222,Add an amount every period and correct for overspending,1,,Monthly,
92dO-)&80fX222,Add an amount every period,8,12997,Monthly,Attachments File/Report_1MB.csv
75dX-)&4ymS222,Set a fixed amount every period,8,82883,,Attachments File/Report_1MB.csv
99eM-)&9jbP222,Add an amount every period,1,20472,Daily,Attachments File/Report_1MB.csv
32pR-)&1xuG222,Set a fixed amount every period,8,25867,Daily,Attachments File/Report_65MB.csv
47aG-)&020X222,Add an amount every period,1,73395,Weekly,Attachments File/Report_1MB.csv
90zB-)&091Z222,Add an amount every period and correct for overspending,1,55534,Weekly,Attachments File/Report_1MB.csv
27zB-)&88kM222,No auto-budget,1,25775,Daily,Attachments File/Report_1MB.csv
39fX-)&6gwC222,Add an amount every period,8,92792,Yearly,Attachments File/Report_65MB.csv
43yG-)&2epK222,No auto-budget,8,50887,Weekly,Attachments File/Report_1MB.csv
05bR-)&62qW222,Set a fixed amount every period,8,48201,Yearly,Attachments File/Report_1MB.csv
94xZ-)&0bkL222,Set a fixed amount every period,1,62226,,Attachments File/Report_1MB.csv
23zU-)&4afW222,Set a fixed amount every period,1,16143,Monthly,Attachments File/Report_1MB.csv
59mU-)&6flZ222,Add an amount every period,8,16777,Monthly,Attachments File/Report_1MB.csv
58lI-)&12xT222,No auto-budget,1,3491,Monthly,Attachments File/Report_1MB.csv
52sO-)&2u2K222,Set a fixed amount every period,8,75447,Daily,Attachments File/Report_1MB.csv
71kD-)&2h5Y222,No auto-budget,1,81087,Monthly,Attachments File/Report_1MB.csv
54hB-)&0ifY222,No auto-budget,8,99102,Monthly,Attachments File/Report_1MB.csv
,Set a fixed amount every period,8,71259,Daily,Attachments File/Report_65MB.csv
26rR-)&4s8E222,Add an amount every period,1,21196,Weekly,Attachments File/Report_1MB.csv
35hJ-)&55oI222,Add an amount every period,8,43445,Daily,Attachments File/Report_1MB.csv
20sO-)&34pA222,Add an amount every period and correct for overspending,8,39032,Weekly,Attachments File/Report_1MB.csv
31aD-)&4fkX222,Add an amount every period,8,70756,Daily,Attachments File/Report_1MB.csv
76rW-)&5yxS222,Set a fixed amount every period,8,56908,Yearly,Attachments File/Report_1MB.csv
83sD-)&7l4B222,Add an amount every period and correct for overspending,1,68578,Monthly,Attachments File/Report_1MB.csv
16dL-)&4qoB222,Add an amount every period,1,28910,Weekly,Attachments File/Report_65MB.csv
85uO-)&7vmY222,Add an amount every period,1,,Daily,Attachments File/Report_1MB.csv
16qE-)&8cvA222,No auto-budget,1,51623,Weekly,Attachments File/Report_1MB.csv
52jF-)&1g2Y222,Add an amount every period and correct for overspending,8,37446,Monthly,Attachments File/Report_1MB.csv
33oL-)&06uO222,Add an amount every period and correct for overspending,8,,Daily,Attachments File/Report_1MB.csv
02wZ-)&5u3D222,Add an amount every period,8,68878,Yearly,Attachments File/Report_1MB.csv
48eF-)&58qD222,Set a fixed amount every period,8,65664,Daily,Attachments File/Report_65MB.csv
87qL-)&40xV222,Add an amount every period and correct for overspending,8,23379,Monthly,
47dF-)&1i8A222,Add an amount every period and correct for overspending,1,4239,Monthly,Attachments File/Report_1MB.csv
74zB-)&85nS222,Add an amount every period,1,47825,Monthly,Attachments File/Report_1MB.csv
47eW-)&69xA222,No auto-budget,8,44163,Daily,Attachments File/Report_1MB.csv
06qB-)&4x5Z222,Add an amount every period and correct for overspending,8,20413,Yearly,Attachments File/Report_1MB.csv
64vR-)&162E222,Add an amount every period and correct for overspending,8,49888,Daily,Attachments File/Report_1MB.csv
12sK-)&4q6O222,Add an amount every period and correct for overspending,8,69747,Yearly,Attachments File/Report_1MB.csv
44cZ-)&8voF222,No auto-budget,1,,Daily,Attachments File/Report_1MB.csv
67cL-)&2ejW222,Set a fixed amount every period,1,69082,Daily,Attachments File/Report_1MB.csv
68cT-)&2m6D222,Add an amount every period and correct for overspending,8,78721,Monthly,Attachments File/Report_1MB.csv
54bP-)&56oM222,Set a fixed amount every period,1,43665,Monthly,Attachments File/Report_1MB.csv
29cU-)&90eB222,No auto-budget,8,32747,Daily,Attachments File/Report_65MB.csv
09lS-)&6zhB222,Set a fixed amount every period,8,12847,Daily,Attachments File/Report_65MB.csv
51iB-)&6fzP222,Set a fixed amount every period,1,68990,Weekly,Attachments File/Report_1MB.csv
20zZ-)&7ctL222,Add an amount every period,1,29112,Monthly,Attachments File/Report_1MB.csv
72xT-)&4s6O222,Add an amount every period and correct for overspending,1,90682,Daily,
69hB-)&9clQ222,Set a fixed amount every period,1,35221,Yearly,Attachments File/Report_1MB.csv
,No auto-budget,1,29379,Weekly,Attachments File/Report_65MB.csv
16rG-)&9pnA222,Set a fixed amount every period,8,97972,,
86oL-)&0h8C222,Add an amount every period,1,8866,Weekly,Attachments File/Report_65MB.csv
43wU-)&6ziI222,Add an amount every period,8,,Monthly,Attachments File/Report_1MB.csv
66nX-)&9prF222,Set a fixed amount every period,8,70578,Daily,Attachments File/Report_1MB.csv
,No auto-budget,8,74996,Daily,
,No auto-budget,1,92425,Yearly,Attachments File/Report_65MB.csv
72wF-)&1i0B222,Add an amount every period and correct for overspending,1,71894,Weekly,Attachments File/Report_1MB.csv
68gI-)&73aE222,Add an amount every period and correct for overspending,1,38005,Daily,Attachments File/Report_1MB.csv
33vC-)&8cjT222,No auto-budget,1,145,Monthly,Attachments File/Report_1MB.csv
30qW-)&4wnV222,Set a fixed amount every period,1,26233,Weekly,Attachments File/Report_1MB.csv
76bI-)&2pwM222,Set a fixed amount every period,1,56571,Monthly,Attachments File/Report_1MB.csv
79jD-)&426U222,Add an amount every period,8,86969,Yearly,Attachments File/Report_1MB.csv
09sJ-)&5ulO222,Set a fixed amount every period,1,89219,Daily,Attachments File/Report_1MB.csv
49qM-)&1n3U222,Add an amount every period,1,79273,Yearly,Attachments File/Report_1MB.csv
12jQ-)&9u6I222,Add an amount every period,1,74531,Weekly,Attachments File/Report_65MB.csv
84vU-)&1zcT222,Add an amount every period,1,98310,Monthly,Attachments File/Report_1MB.csv
11uW-)&0fsK222,Add an amount every period and correct for overspending,1,74565,Yearly,Attachments File/Report_1MB.csv
32dM-)&924P222,Set a fixed amount every period,8,3639,Monthly,Attachments File/Report_65MB.csv
73tZ-)&78xM222,Set a fixed amount every period,1,4953,Weekly,Attachments File/Report_1MB.csv
39kO-)&6ijI222,Add an amount every period and correct for overspending,1,43287,Yearly,Attachments File/Report_1MB.csv
93lP-)&1fxL222,Set a fixed amount every period,8,51796,Weekly,
55gE-)&3o8Z222,Add an amount every period and correct for overspending,1,76820,Monthly,Attachments File/Report_1MB.csv
50gB-)&9jpB222,Set a fixed amount every period,8,44475,Yearly,Attachments File/Report_65MB.csv
60qQ-)&8spK222,Add an amount every period and correct for overspending,1,63839,Daily,Attachments File/Report_65MB.csv
27rD-)&9h5W222,Add an amount every period and correct for overspending,1,86515,Weekly,Attachments File/Report_1MB.csv
91yT-)&0htB222,Add an amount every period and correct for overspending,8,50166,Monthly,
26qZ-)&0f9V222,Add an amount every period,1,26082,Yearly,Attachments File/Report_1MB.csv
16iP-)&8wpW222,Add an amount every period and correct for overspending,1,24276,Daily,Attachments File/Report_1MB.csv
22xV-)&31yU222,Add an amount every period and correct for overspending,1,71853,Yearly,Attachments File/Report_1MB.csv
96oR-)&99mX222,Set a fixed amount every period,8,31855,Daily,Attachments File/Report_1MB.csv
,Add an amount every period,8,75285,Monthly,Attachments File/Report_1MB.csv
79sJ-)&3qxY222,No auto-budget,8,43162,Weekly,Attachments File/Report_1MB.csv
37dA-)&8tnA222,No auto-budget,8,55962,Monthly,Attachments File/Report_1MB.csv
09vX-)&204A222,No auto-budget,8,93633,Monthly,
72dJ-)&3wmM222,Set a fixed amount every period,1,47022,Weekly,Attachments File/Report_1MB.csv
02fO-)&9mfB222,No auto-budget,1,91168,Weekly,
00kU-)&26oY222,Add an amount every period,8,52776,Monthly,Attachments File/Report_1MB.csv
18mA-)&8vsW222,Add an amount every period,1,91216,Monthly,Attachments File/Report_1MB.csv
,No auto-budget,1,70273,Daily,Attachments File/Report_1MB.csv
64fU-)&4rwH222,No auto-budget,1,,Monthly,Attachments File/Report_1MB.csv
33yB-)&72uG222,No auto-budget,8,71832,Yearly,
15lK-)&9pkP222,Add an amount every period and correct for overspending,8,,Monthly,Attachments File/Report_1MB.csv
07xQ-)&83nA222,Set a fixed amount every period,1,16935,Weekly,Attachments File/Report_1MB.csv
97xB-)&4jnE222,Add an amount every period,8,35871,Daily,
37wQ-)&835F222,Add an amount every period and correct for overspending,8,48614,Weekly,Attachments File/Report_65MB.csv
22zI-)&0p6M222,No auto-budget,8,59949,Weekly,Attachments File/Report_1MB.csv
95mC-)&20cJ222,Add an amount every period,1,16778,Monthly,Attachments File/Report_1MB.csv
28zC-)&5urP222,No auto-budget,1,,Daily,Attachments File/Report_1MB.csv
24cB-)&9q3U222,Add an amount every period and correct for overspending,1,86096,Monthly,Attachments File/Report_1MB.csv
,No auto-budget,8,71593,Weekly,Attachments File/Report_1MB.csv
15bJ-)&2j9P222,No auto-budget,1,55622,Monthly,Attachments File/Report_1MB.csv
93aF-)&7tdP222,Add an amount every period and correct for overspending,1,32169,Monthly,
29nE-)&1ajD222,Set a fixed amount every period,8,62030,Daily,Attachments File/Report_1MB.csv
83yV-)&96uO222,Add an amount every period and correct for overspending,8,31154,Daily,Attachments File/Report_1MB.csv
13dT-)&396N222,Add an amount every period,1,19066,Weekly,Attachments File/Report_1MB.csv
41iN-)&3gvV222,Add an amount every period,8,2021,Daily,Attachments File/Report_1MB.csv
75vM-)&7b1T222,Set a fixed amount every period,1,,Yearly,Attachments File/Report_1MB.csv
55uB-)&5dzM222,Add an amount every period and correct for overspending,1,76482,Monthly,Attachments File/Report_1MB.csv
54cK-)&77xO222,Add an amount every period and correct for overspending,8,78892,Yearly,Attachments File/Report_1MB.csv
15uJ-)&0fsE222,Add an amount every period and correct for overspending,1,11784,Monthly,Attachments File/Report_1MB.csv
19bY-)&5e0X222,No auto-budget,8,88440,Weekly,Attachments File/Report_1MB.csv
58cE-)&7nzD222,Add an amount every period,1,83711,Yearly,
92pW-)&4reF222,Set a fixed amount every period,8,24045,Weekly,Attachments File/Report_1MB.csv
13xT-)&0f5B222,No auto-budget,8,8643,Monthly,Attachments File/Report_1MB.csv
03sC-)&4ydD222,Add an amount every period and correct for overspending,1,20397,Daily,Attachments File/Report_1MB.csv
19bN-)&9gpI222,Add an amount every period,1,72233,Yearly,Attachments File/Report_1MB.csv
28jH-)&9toW222,Add an amount every period,8,15272,Daily,Attachments File/Report_1MB.csv
57nB-)&8mtS222,Add an amount every period,8,74085,Daily,Attachments File/Report_1MB.csv
,Add an amount every period,8,3687,Weekly,Attachments File/Report_65MB.csv
94eQ-)&4eaC222,Add an amount every period and correct for overspending,8,46166,,Attachments File/Report_1MB.csv
95dT-)&850K222,Add an amount every period and correct for overspending,8,96705,Yearly,Attachments File/Report_1MB.csv
80gX-)&4k3Q222,No auto-budget,8,44616,Monthly,Attachments File/Report_1MB.csv
34uK-)&4p4P222,No auto-budget,8,36988,Monthly,Attachments File/Report_1MB.csv
04zL-)&566J222,Add an amount every period and correct for overspending,8,77356,Daily,
87qV-)&4x6S222,Add an amount every period and correct for overspending,8,60650,Monthly,Attachments File/Report_1MB.csv
55dE-)&9ihH222,Add an amount every period and correct for overspending,8,,Yearly,Attachments File/Report_65MB.csv
41nC-)&4q6M222,Add an amount every period,8,54289,Monthly,
88nP-)&8k5B222,No auto-budget,8,94792,Daily,Attachments File/Report_1MB.csv
66xZ-)&119L222,Set a fixed amount every period,8,93176,Yearly,Attachments File/Report_1MB.csv
60jX-)&05rK222,Add an amount every period,8,29357,Yearly,Attachments File/Report_1MB.csv
23nR-)&0x3E222,No auto-budget,8,63968,Yearly,Attachments File/Report_1MB.csv
59oR-)&1pmU222,Add an amount every period and correct for overspending,8,50764,Daily,Attachments File/Report_1MB.csv
10yO-)&0g6P222,No auto-budget,8,38725,Yearly,Attachments File/Report_1MB.csv
51uC-)&8s9F222,Add an amount every period,8,38841,Yearly,Attachments File/Report_1MB.csv
34gI-)&52pL222,Add an amount every period,8,7678,Yearly,Attachments File/Report_65MB.csv
34eR-)&14sI222,Add an amount every period,8,15619,Monthly,Attachments File/Report_1MB.csv
26lT-)&3joC222,No auto-budget,1,1466,Weekly,Attachments File/Report_1MB.csv
93xM-)&53aX222,No auto-budget,1,24520,Weekly,Attachments File/Report_1MB.csv
45sG-)&2p0P222,Set a fixed amount every period,1,65298,Weekly,Attachments File/Report_65MB.csv
77rO-)&74yM222,Set a fixed amount every period,8,81284,Daily,
35gN-)&7soO222,Add an amount every period and correct for overspending,1,82510,Yearly,Attachments File/Report_1MB.csv
33dW-)&2f7H222,Set a fixed amount every period,8,87086,Yearly,Attachments File/Report_1MB.csv
94lX-)&2ypB222,Add an amount every period and correct for overspending,8,6728,,Attachments File/Report_1MB.csv
08nJ-)&0qjD222,No auto-budget,1,93819,Weekly,Attachments File/Report_1MB.csv
04tL-)&262X222,Add an amount every period,1,,Yearly,
73mX-)&40yN222,Add an amount every period,1,13683,Monthly,Attachments File/Report_65MB.csv
76wX-)&6ndI222,Set a fixed amount every period,1,93717,Daily,Attachments File/Report_1MB.csv
85aA-)&71vA222,Set a fixed amount every period,1,70836,Yearly,Attachments File/Report_1MB.csv
47yO-)&7z3E222,Add an amount every period,1,645,Weekly,Attachments File/Report_1MB.csv
67vW-)&8wwS222,Add an amount every period and correct for overspending,8,27888,Yearly,Attachments File/Report_1MB.csv
46jL-)&5sbX222,Add an amount every period,8,93228,Yearly,
,Set a fixed amount every period,8,22723,Daily,Attachments File/Report_1MB.csv
82cI-)&48lK222,Add an amount every period and correct for overspending,1,10775,Weekly,Attachments File/Report_1MB.csv
40cI-)&9ovM222,Add an amount every period,1,82895,Weekly,Attachments File/Report_1MB.csv
36yX-)&8d2O222,No auto-budget,8,81789,,Attachments File/Report_1MB.csv
,Set a fixed amount every period,8,17001,Monthly,Attachments File/Report_1MB.csv
84wZ-)&1c8M222,Set a fixed amount every period,8,40637,Daily,
,Add an amount every period and correct for overspending,8,91903,Weekly,
04sN-)&93nP222,Set a fixed amount every period,8,38764,Weekly,Attachments File/Report_1MB.csv
33qW-)&8d3O222,No auto-budget,8,48897,Weekly,Attachments File/Report_1MB.csv
76cF-)&3ctG222,Set a fixed amount every period,1,,Yearly,Attachments File/Report_1MB.csv
42hJ-)&0hiA222,No auto-budget,1,90891,Daily,Attachments File/Report_1MB.csv
50iV-)&4btT222,No auto-budget,1,19143,Daily,Attachments File/Report_1MB.csv
92bE-)&1eaN222,Add an amount every period and correct for overspending,1,,Daily,Attachments File/Report_65MB.csv
99zW-)&51zR222,Add an amount every period and correct for overspending,8,62316,Weekly,Attachments File/Report_1MB.csv
67jI-)&7fsO222,Add an amount every period,1,90774,Weekly,Attachments File/Report_1MB.csv
23bX-)&593L222,No auto-budget,8,67989,Daily,
93oM-)&1h1N222,Add an amount every period,1,,Weekly,Attachments File/Report_1MB.csv
73eA-)&0b8Y222,Set a fixed amount every period,1,98624,Monthly,Attachments File/Report_1MB.csv
16sM-)&0ilK222,Set a fixed amount every period,8,4689,Weekly,
11qB-)&6guW222,Set a fixed amount every period,8,40053,,Attachments File/Report_1MB.csv
72xI-)&1jiW222,No auto-budget,8,92041,Weekly,
14nG-)&8inL222,No auto-budget,8,13259,Daily,Attachments File/Report_1MB.csv
44oD-)&77jS222,Add an amount every period and correct for overspending,1,67458,Yearly,Attachments File/Report_1MB.csv
90xP-)&1etS222,Set a fixed amount every period,1,87113,Daily,Attachments File/Report_1MB.csv
23eD-)&6rfE222,No auto-budget,1,42224,Weekly,Attachments File/Report_1MB.csv
07eR-)&62sS222,Add an amount every period,1,49370,Weekly,Attachments File/Report_1MB.csv
74gW-)&2boC222,Set a fixed amount every period,8,62708,Yearly,Attachments File/Report_1MB.csv
78aE-)&1anI222,Add an amount every period and correct for overspending,1,56031,Yearly,Attachments File/Report_1MB.csv
23wD-)&1r0H222,Add an amount every period,1,,Monthly,
80lU-)&70lK222,Set a fixed amount every period,1,2207,Yearly,Attachments File/Report_1MB.csv
16kE-)&4wnL222,No auto-budget,8,51200,Monthly,Attachments File/Report_65MB.csv
21dF-)&63sC222,Add an amount every period,1,84298,Daily,Attachments File/Report_1MB.csv
22wG-)&68wQ222,No auto-budget,1,30823,Yearly,Attachments File/Report_1MB.csv
56hF-)&25bI222,Add an amount every period,1,14457,Daily,Attachments File/Report_1MB.csv
59cI-)&5cuS222,No auto-budget,8,38316,Daily,Attachments File/Report_65MB.csv
31yT-)&0ufX222,Add an amount every period and correct for overspending,1,14751,Yearly,
68oF-)&2iiN222,Add an amount every period and correct for overspending,8,16352,Yearly,Attachments File/Report_1MB.csv
40tO-)&1v7F222,Add an amount every period,1,72740,Daily,Attachments File/Report_1MB.csv
07eX-)&2rvT222,Add an amount every period and correct for overspending,1,56279,Yearly,Attachments File/Report_1MB.csv
16pP-)&5mxN222,Add an amount every period and correct for overspending,8,,Monthly,Attachments File/Report_1MB.csv
93jO-)&8gxN222,Set a fixed amount every period,8,92281,Monthly,Attachments File/Report_1MB.csv
28sT-)&6xuL222,Set a fixed amount every period,8,3951,Monthly,Attachments File/Report_1MB.csv
71hQ-)&1kjA222,No auto-budget,8,56435,Yearly,Attachments File/Report_1MB.csv
78dM-)&26nR222,Add an amount every period,8,41588,Weekly,Attachments File/Report_65MB.csv
72rP-)&3csU222,No auto-budget,8,5311,Yearly,Attachments File/Report_1MB.csv
55tI-)&4r4A222,Add an amount every period,8,44281,Weekly,Attachments File/Report_1MB.csv
00sH-)&0mtH222,Add an amount every period,8,8788,Yearly,Attachments File/Report_1MB.csv
10vL-)&9cfT222,No auto-budget,1,56219,Weekly,Attachments File/Report_1MB.csv
06cU-)&4cqG222,No auto-budget,8,55015,Monthly,Attachments File/Report_65MB.csv
07bG-)&104X222,Set a fixed amount every period,8,95727,Daily,Attachments File/Report_1MB.csv
48iH-)&775T222,Set a fixed amount every period,1,16419,Monthly,Attachments File/Report_1MB.csv
03zU-)&27uK222,Add an amount every period and correct for overspending,8,8785,Weekly,Attachments File/Report_1MB.csv
73nS-)&0s6F222,Set a fixed amount every period,8,37005,Yearly,Attachments File/Report_1MB.csv
40vL-)&561X222,Set a fixed amount every period,1,,Daily,Attachments File/Report_1MB.csv
41eI-)&0inB222,No auto-budget,1,44064,Weekly,Attachments File/Report_1MB.csv
82nD-)&5r1M222,Add an amount every period,8,78428,Weekly,Attachments File/Report_1MB.csv
68nG-)&8oqT222,No auto-budget,1,22495,Daily,Attachments File/Report_1MB.csv
31xG-)&9kqM222,Add an amount every period and correct for overspending,1,10785,,Attachments File/Report_1MB.csv
34nE-)&1blL222,Add an amount every period,1,21431,Daily,Attachments File/Report_65MB.csv
11qZ-)&2epZ222,Add an amount every period and correct for overspending,8,69325,Daily,Attachments File/Report_1MB.csv
07wN-)&0zyD222,Add an amount every period,8,14841,Monthly,Attachments File/Report_1MB.csv
80sN-)&33vL222,Add an amount every period,1,88430,,Attachments File/Report_65MB.csv
54tJ-)&2xuA222,No auto-budget,1,564,Daily,Attachments File/Report_1MB.csv
72vH-)&9y8I222,Add an amount every period,1,23835,Monthly,Attachments File/Report_1MB.csv
40uZ-)&0k8T222,No auto-budget,8,,Daily,Attachments File/Report_1MB.csv
05fB-)&48rL222,Add an amount every period,1,48539,Weekly,Attachments File/Report_1MB.csv
40yX-)&184T222,Add an amount every period,8,10026,Weekly,Attachments File/Report_1MB.csv
17rF-)&06aJ222,Add an amount every period,1,28842,Yearly,Attachments File/Report_1MB.csv
33bQ-)&2doP222,Add an amount every period and correct for overspending,8,28189,Monthly,Attachments File/Report_1MB.csv
74vS-)&9drL222,No auto-budget,8,38276,Monthly,Attachments File/Report_1MB.csv
88nV-)&726W222,Set a fixed amount every period,8,88189,Yearly,Attachments File/Report_1MB.csv
50iY-)&583D222,No auto-budget,8,48571,Yearly,Attachments File/Report_65MB.csv
60xJ-)&0ueE222,Set a fixed amount every period,1,12124,,Attachments File/Report_1MB.csv
30eC-)&8loA222,No auto-budget,8,81105,Monthly,Attachments File/Report_1MB.csv
48hJ-)&9o8J222,Add an amount every period and correct for overspending,8,26755,Monthly,Attachments File/Report_1MB.csv
22jU-)&8y9X222,Add an amount every period and correct for overspending,8,2700,Daily,Attachments File/Report_65MB.csv
66xK-)&6lsO222,Add an amount every period and correct for overspending,8,40010,Weekly,Attachments File/Report_1MB.csv
,Set a fixed amount every period,8,43694,Monthly,Attachments File/Report_1MB.csv
71wJ-)&5qvE222,Add an amount every period and correct for overspending,1,,Daily,
56cD-)&8ztM222,Add an amount every period and correct for overspending,8,87440,Monthly,Attachments File/Report_1MB.csv
10rP-)&85dN222,Add an amount every period,1,7917,Daily,Attachments File/Report_1MB.csv
00wJ-)&8i4D222,Set a fixed amount every period,8,81884,Monthly,Attachments File/Report_1MB.csv
99pM-)&355F222,No auto-budget,1,46929,Yearly,Attachments File/Report_65MB.csv
77iD-)&1kjM222,Add an amount every period and correct for overspending,1,2067,Yearly,Attachments File/Report_1MB.csv
,Add an amount every period and correct for overspending,1,38389,Yearly,Attachments File/Report_1MB.csv
11sF-)&9kdN222,Add an amount every period and correct for overspending,1,20397,Yearly,Attachments File/Report_1MB.csv
33tW-)&5yhZ222,No auto-budget,8,84791,Yearly,Attachments File/Report_1MB.csv
64yI-)&5g2T222,Add an amount every period and correct for overspending,8,82166,Weekly,
66hG-)&5g6C222,No auto-budget,8,73400,Weekly,Attachments File/Report_65MB.csv
58dC-)&7kwR222,Add an amount every period,8,11222,Monthly,Attachments File/Report_1MB.csv
76yR-)&6i1X222,Set a fixed amount every period,8,84538,Monthly,Attachments File/Report_1MB.csv
,Add an amount every period,8,14942,Daily,Attachments File/Report_1MB.csv
71dE-)&7zqG222,Set a fixed amount every period,1,21835,Weekly,Attachments File/Report_1MB.csv
55aM-)&4brD222,Add an amount every period and correct for overspending,1,16167,Yearly,Attachments File/Report_1MB.csv
50gR-)&7ndM222,Add an amount every period and correct for overspending,8,23111,Daily,Attachments File/Report_1MB.csv
97cF-)&9fvL222,Add an amount every period and correct for overspending,8,12557,Yearly,Attachments File/Report_1MB.csv
67qB-)&3ejZ222,Set a fixed amount every period,8,61171,Daily,Attachments File/Report_1MB.csv
43wT-)&5xbU222,Add an amount every period and correct for overspending,8,11921,,Attachments File/Report_1MB.csv
04gO-)&5z6Z222,Add an amount every period and correct for overspending,8,81877,Monthly,Attachments File/Report_1MB.csv
31hF-)&64wA222,No auto-budget,1,84028,Weekly,Attachments File/Report_1MB.csv
11yG-)&91fB222,Set a fixed amount every period,8,32495,Monthly,Attachments File/Report_1MB.csv
43vB-)&9oaM222,No auto-budget,8,49728,Weekly,
49eV-)&3jnX222,Add an amount every period and correct for overspending,1,96942,Yearly,Attachments File/Report_1MB.csv
91cL-)&2emT222,Add an amount every period,1,73704,Weekly,
42qG-)&0ldB222,Add an amount every period,1,29505,Daily,Attachments File/Report_1MB.csv
49kE-)&9ihA222,Add an amount every period and correct for overspending,1,61635,Daily,Attachments File/Report_1MB.csv
72rO-)&4lgT222,Set a fixed amount every period,8,76082,,Attachments File/Report_1MB.csv
43mF-)&2otI222,Set a fixed amount every period,8,57421,Yearly,
86hV-)&92eP222,Set a fixed amount every period,8,64046,Monthly,Attachments File/Report_1MB.csv
79tZ-)&5xgK222,Add an amount every period,1,26083,Daily,Attachments File/Report_1MB.csv
45eJ-)&9kwE222,Set a fixed amount every period,1,34820,Yearly,Attachments File/Report_1MB.csv
04iK-)&8h8S222,Set a fixed amount every period,1,79581,Weekly,Attachments File/Report_1MB.csv
60uN-)&85bG222,Add an amount every period and correct for overspending,1,25112,Daily,Attachments File/Report_1MB.csv
39oA-)&4toS222,No auto-budget,1,90541,Monthly,Attachments File/Report_1MB.csv
79xO-)&4ugZ222,Set a fixed amount every period,8,,Yearly,Attachments File/Report_1MB.csv
32dJ-)&75hS222,Add an amount every period,8,83664,,Attachments File/Report_1MB.csv
07gS-)&4seO222,Add an amount every period,1,41545,Weekly,Attachments File/Report_1MB.csv
38uA-)&3a3Q222,Add an amount every period and correct for overspending,1,47073,Daily,Attachments File/Report_65MB.csv
56aY-)&1ymF222,Add an amount every period and correct for overspending,8,80458,Weekly,
09dD-)&8i3X222,Set a fixed amount every period,1,55265,Yearly,Attachments File/Report_1MB.csv
76tL-)&0krE222,Add an amount every period and correct for overspending,8,,Monthly,
87qC-)&24dS222,No auto-budget,8,72694,Weekly,Attachments File/Report_1MB.csv
78cU-)&7zdD222,Add an amount every period,8,90510,Monthly,Attachments File/Report_65MB.csv
22rL-)&2geA222,No auto-budget,8,36502,Monthly,Attachments File/Report_1MB.csv
83cY-)&52cL222,Add an amount every period,1,10178,Daily,Attachments File/Report_1MB.csv
59qK-)&93mA222,No auto-budget,8,75443,Monthly,Attachments File/Report_1MB.csv
42lQ-)&8jqG222,Add an amount every period,8,60297,Yearly,Attachments File/Report_1MB.csv
72mW-)&6m3L222,Set a fixed amount every period,8,17957,Daily,
01pW-)&8l0V222,Add an amount every period and correct for overspending,8,26448,Daily,Attachments File/Report_65MB.csv
,No auto-budget,8,44077,Daily,Attachments File/Report_1MB.csv
00gJ-)&8swB222,No auto-budget,8,8788,Yearly,Attachments File/Report_65MB.csv
67eL-)&04hO222,No auto-budget,1,17690,Daily,Attachments File/Report_1MB.csv
15aR-)&09jC222,Add an amount every period,8,91015,Weekly,Attachments File/Report_1MB.csv
86dT-)&7slV222,Add an amount every period,1,64337,Yearly,
86yH-)&7msW222,Add an amount every period,1,31371,Yearly,Attachments File/Report_65MB.csv
15sT-)&77iT222,Add an amount every period and correct for overspending,8,60049,Weekly,Attachments File/Report_1MB.csv
87mY-)&63gL222,Add an amount every period,1,69047,Monthly,Attachments File/Report_1MB.csv
16uY-)&1bzC222,Add an amount every period,8,22818,Weekly,Attachments File/Report_65MB.csv
95wS-)&06bJ222,Add an amount every period,8,40095,Weekly,Attachments File/Report_1MB.csv
49zH-)&3s9O222,Add an amount every period and correct for overspending,1,31366,,Attachments File/Report_1MB.csv
16mG-)&13lX222,Add an amount every period,8,31637,Weekly,Attachments File/Report_1MB.csv
38bQ-)&73wH222,No auto-budget,8,52403,Monthly,Attachments File/Report_1MB.csv
99wY-)&9qfU222,No auto-budget,8,45724,Daily,
98aM-)&7kdZ222,No auto-budget,1,49643,Monthly,Attachments File/Report_65MB.csv
03vS-)&3gnE222,No auto-budget,1,84247,Daily,Attachments File/Report_1MB.csv
79dD-)&5tfM222,Add an amount every period,8,7505,Weekly,Attachments File/Report_1MB.csv
63pD-)&4ajD222,Set a fixed amount every period,8,40117,Yearly,Attachments File/Report_1MB.csv
59zK-)&8olG222,Set a fixed amount every period,8,96255,Daily,Attachments File/Report_1MB.csv
53iS-)&8jzL222,Add an amount every period,1,34734,Daily,
49rD-)&9y9U222,No auto-budget,1,54256,Daily,Attachments File/Report_1MB.csv
32xI-)&2dnA222,Set a fixed amount every period,1,27328,,Attachments File/Report_1MB.csv
24gW-)&7dbA222,Set a fixed amount every period,1,19822,Daily,Attachments File/Report_1MB.csv
88vW-)&2g9J222,Add an amount every period and correct for overspending,1,14428,Daily,
28mE-)&8jdZ222,Add an amount every period and correct for overspending,8,73708,Weekly,Attachments File/Report_1MB.csv
48vY-)&74jP222,Set a fixed amount every period,8,34566,Daily,Attachments File/Report_1MB.csv
15jL-)&2xdC222,Add an amount every period,1,6974,Daily,Attachments File/Report_1MB.csv
25lS-)&8asS222,Add an amount every period,8,43184,Monthly,Attachments File/Report_1MB.csv
29mH-)&0txQ222,Set a fixed amount every period,8,49903,,Attachments File/Report_1MB.csv
,Set a fixed amount every period,1,55109,Weekly,Attachments File/Report_65MB.csv
68pE-)&334K222,Set a fixed amount every period,1,35407,Monthly,Attachments File/Report_65MB.csv
77aA-)&58yV222,No auto-budget,1,92769,Yearly,Attachments File/Report_65MB.csv
08nN-)&3s7A222,Set a fixed amount every period,8,4311,Daily,Attachments File/Report_1MB.csv
,No auto-budget,1,87925,Yearly,Attachments File/Report_1MB.csv
76xT-)&6duL222,Set a fixed amount every period,1,9252,Daily,
33jV-)&6qtB222,No auto-budget,8,12790,Weekly,Attachments File/Report_65MB.csv
31cF-)&8c6Q222,No auto-budget,1,78382,Weekly,Attachments File/Report_1MB.csv
75iD-)&2reX222,Add an amount every period and correct for overspending,1,66968,Daily,Attachments File/Report_1MB.csv
33aW-)&1oxT222,No auto-budget,1,92371,Yearly,Attachments File/Report_1MB.csv
68tW-)&2zfR222,Set a fixed amount every period,1,69471,Yearly,Attachments File/Report_65MB.csv
17nY-)&7xkN222,Add an amount every period,8,13585,Weekly,Attachments File/Report_1MB.csv
54sN-)&5mdM222,Add an amount every period,8,31487,Weekly,Attachments File/Report_1MB.csv
93vH-)&9jeU222,No auto-budget,8,72107,Yearly,Attachments File/Report_65MB.csv
,No auto-budget,8,65572,Monthly,Attachments File/Report_1MB.csv
06aG-)&2kkQ222,No auto-budget,8,25987,Daily,Attachments File/Report_1MB.csv
77uY-)&2owQ222,Add an amount every period and correct for overspending,8,4609,Yearly,Attachments File/Report_1MB.csv
,Add an amount every period and correct for overspending,1,65348,Yearly,Attachments File/Report_1MB.csv
88wP-)&98yD222,Add an amount every period and correct for overspending,8,96879,Monthly,Attachments File/Report_65MB.csv
76zW-)&8ctC222,No auto-budget,1,90532,Daily,Attachments File/Report_1MB.csv
35pD-)&13qL222,No auto-budget,1,59417,Weekly,Attachments File/Report_1MB.csv
67zH-)&90jH222,Set a fixed amount every period,1,11043,Yearly,Attachments File/Report_1MB.csv
99pQ-)&6czD222,Add an amount every period and correct for overspending,8,2509,Yearly,Attachments File/Report_65MB.csv
05qN-)&5unQ222,Set a fixed amount every period,1,91976,Yearly,Attachments File/Report_1MB.csv
,Add an amount every period and correct for overspending,8,28521,Yearly,Attachments File/Report_65MB.csv
46dC-)&62jL222,Add an amount every period,1,9553,Daily,Attachments File/Report_1MB.csv
01eL-)&65sS222,Set a fixed amount every period,8,9946,Yearly,Attachments File/Report_1MB.csv
72wZ-)&55dU222,Set a fixed amount every period,1,57180,Yearly,Attachments File/Report_1MB.csv
54cB-)&2puQ222,Set a fixed amount every period,1,31499,Monthly,Attachments File/Report_65MB.csv
97cR-)&2fgE222,Set a fixed amount every period,1,84514,Yearly,Attachments File/Report_1MB.csv
04zR-)&6jyZ222,Set a fixed amount every period,8,19714,Daily,Attachments File/Report_1MB.csv
06mG-)&4biX222,Set a fixed amount every period,8,57098,Daily,Attachments File/Report_65MB.csv
65yV-)&0jqX222,Add an amount every period,1,18923,Weekly,
39bO-)&5cfX222,Add an amount every period,8,9946,Monthly,Attachments File/Report_1MB.csv
57yP-)&43zH222,Add an amount every period,1,,Weekly,
73xZ-)&8dqC222,Set a fixed amount every period,1,71146,Weekly,Attachments File/Report_1MB.csv
45oG-)&8ocG222,Set a fixed amount every period,1,33217,Monthly,Attachments File/Report_1MB.csv
42lX-)&5stI222,Set a fixed amount every period,8,41518,Daily,Attachments File/Report_1MB.csv
19vI-)&5myN222,Add an amount every period and correct for overspending,1,47415,Weekly,Attachments File/Report_65MB.csv
59fA-)&3huC222,Add an amount every period,1,75037,Yearly,Attachments File/Report_1MB.csv
76gI-)&1d8T222,Set a fixed amount every period,8,50101,Monthly,Attachments File/Report_65MB.csv
44wC-)&46rZ222,Add an amount every period and correct for overspending,1,7175,Monthly,Attachments File/Report_1MB.csv
71bP-)&6wcY222,Set a fixed amount every period,1,83993,Daily,Attachments File/Report_1MB.csv
,Set a fixed amount every period,1,,Yearly,Attachments File/Report_1MB.csv
74sK-)&9v8F222,Add an amount every period,1,13257,Weekly,Attachments File/Report_1MB.csv
58uT-)&1b6R222,Set a fixed amount every period,1,23062,Yearly,Attachments File/Report_65MB.csv
77tC-)&7mqH222,Add an amount every period,1,47981,Weekly,Attachments File/Report_1MB.csv
11sZ-)&198N222,Add an amount every period,1,55600,Daily,Attachments File/Report_1MB.csv
71sI-)&5biB222,No auto-budget,1,86259,,
84eM-)&0qaB222,Add an amount every period,1,17158,Yearly,Attachments File/Report_1MB.csv
50eT-)&0ycT222,Add an amount every period,1,3510,Weekly,Attachments File/Report_1MB.csv
29xJ-)&9rdG222,Add an amount every period and correct for overspending,8,97492,Monthly,Attachments File/Report_65MB.csv
12uC-)&6i5D222,Add an amount every period and correct for overspending,8,19482,Yearly,Attachments File/Report_1MB.csv
88kS-)&53lE222,No auto-budget,8,18687,Daily,Attachments File/Report_1MB.csv
15wK-)&42sK222,Set a fixed amount every period,1,79598,Daily,Attachments File/Report_1MB.csv
27vG-)&7xpK222,Add an amount every period,1,21507,Weekly,Attachments File/Report_1MB.csv
32aT-)&7edI222,Add an amount every period and correct for overspending,1,39459,Weekly,Attachments File/Report_1MB.csv
78fV-)&3vvG222,Add an amount every period and correct for overspending,1,83709,Weekly,Attachments File/Report_1MB.csv
24fC-)&7gxU222,No auto-budget,1,13190,Weekly,Attachments File/Report_65MB.csv
40rO-)&965Z222,Add an amount every period and correct for overspending,8,39358,Yearly,Attachments File/Report_1MB.csv
03kR-)&81mI222,Add an amount every period and correct for overspending,8,50309,Weekly,Attachments File/Report_1MB.csv
,Set a fixed amount every period,8,33102,Yearly,Attachments File/Report_1MB.csv
,No auto-budget,1,1741,Weekly,Attachments File/Report_1MB.csv
30nU-)&5quS222,Set a fixed amount every period,1,11772,Weekly,Attachments File/Report_1MB.csv
37vY-)&5szZ222,Add an amount every period and correct for overspending,1,12219,Weekly,Attachments File/Report_1MB.csv
98xQ-)&5mtU222,Add an amount every period and correct for overspending,8,43544,Weekly,Attachments File/Report_65MB.csv
32lM-)&6bcL222,Add an amount every period and correct for overspending,1,57675,Weekly,Attachments File/Report_1MB.csv
47oJ-)&940L222,Add an amount every period and correct for overspending,1,48825,Monthly,Attachments File/Report_1MB.csv
13rY-)&5chM222,Set a fixed amount every period,1,88192,Yearly,Attachments File/Report_65MB.csv
59wH-)&88xP222,No auto-budget,1,74846,Monthly,Attachments File/Report_1MB.csv
79rF-)&8y2G222,Add an amount every period and correct for overspending,1,50375,Yearly,Attachments File/Report_65MB.csv
68qP-)&7bsW222,Add an amount every period and correct for overspending,1,96194,Monthly,Attachments File/Report_1MB.csv
60hR-)&9prG222,Add an amount every period,1,90006,Yearly,Attachments File/Report_1MB.csv
42fR-)&8sfM222,Add an amount every period,1,88445,,Attachments File/Report_1MB.csv
03nH-)&81cJ222,Add an amount every period and correct for overspending,1,25721,Daily,Attachments File/Report_1MB.csv
97vT-)&312L222,Add an amount every period,8,89523,Daily,Attachments File/Report_1MB.csv
61tJ-)&17tY222,Set a fixed amount every period,8,68530,Yearly,Attachments File/Report_1MB.csv
63jW-)&2w8I222,Add an amount every period,1,21105,Weekly,Attachments File/Report_1MB.csv
02uF-)&32zR222,Add an amount every period and correct for overspending,1,19694,Weekly,Attachments File/Report_1MB.csv
77xH-)&8bkG222,Set a fixed amount every period,1,22973,Weekly,Attachments File/Report_1MB.csv
82lQ-)&8z5Z222,No auto-budget,8,66884,Weekly,Attachments File/Report_1MB.csv
11aZ-)&229L222,Add an amount every period and correct for overspending,1,73649,Daily,Attachments File/Report_1MB.csv
83gY-)&4ojI222,Set a fixed amount every period,8,23191,Daily,Attachments File/Report_1MB.csv
86eC-)&7piS222,No auto-budget,8,15085,Weekly,Attachments File/Report_1MB.csv
77lY-)&8fiL222,Add an amount every period,8,84058,Yearly,Attachments File/Report_1MB.csv
87fE-)&9x7Z222,Add an amount every period and correct for overspending,8,,Monthly,Attachments File/Report_1MB.csv
41iN-)&0omH222,Add an amount every period and correct for overspending,8,37413,Weekly,Attachments File/Report_65MB.csv
93zV-)&7gfV222,Add an amount every period and correct for overspending,8,15680,Yearly,Attachments File/Report_1MB.csv
62jN-)&67pQ222,Add an amount every period and correct for overspending,8,31778,Daily,
99nB-)&4vkK222,Add an amount every period and correct for overspending,1,33367,Weekly,Attachments File/Report_1MB.csv
69aC-)&5weO222,Add an amount every period,1,,Yearly,Attachments File/Report_1MB.csv
02jC-)&6geZ222,Add an amount every period and correct for overspending,8,35453,Monthly,Attachments File/Report_1MB.csv
83hT-)&2zmO222,Add an amount every period,1,16213,Weekly,Attachments File/Report_1MB.csv
99kU-)&0v4E222,No auto-budget,1,,Monthly,Attachments File/Report_65MB.csv
36bI-)&1y7A222,Add an amount every period,1,16496,Monthly,Attachments File/Report_1MB.csv
09zL-)&5moG222,Set a fixed amount every period,8,45985,Weekly,Attachments File/Report_1MB.csv
,Set a fixed amount every period,8,1443,Weekly,Attachments File/Report_65MB.csv
22zP-)&7zsB222,No auto-budget,1,92683,Daily,Attachments File/Report_1MB.csv
81hD-)&71iS222,Set a fixed amount every period,1,50371,Daily,Attachments File/Report_1MB.csv
23xF-)&9dxC222,Set a fixed amount every period,8,94397,Monthly,Attachments File/Report_1MB.csv
31rS-)&20nF222,Set a fixed amount every period,8,17006,Yearly,Attachments File/Report_65MB.csv
14lZ-)&6k8F222,Set a fixed amount every period,8,88058,Monthly,Attachments File/Report_65MB.csv
40sT-)&72gR222,Set a fixed amount every period,1,65458,Daily,Attachments File/Report_1MB.csv
77xA-)&3twG222,Add an amount every period,1,43117,Weekly,Attachments File/Report_1MB.csv
11sF-)&57dU222,Set a fixed amount every period,1,21647,Monthly,Attachments File/Report_65MB.csv
48hC-)&87vD222,Set a fixed amount every period,1,19933,Yearly,Attachments File/Report_1MB.csv
61aY-)&193H222,Add an amount every period,8,60882,Daily,Attachments File/Report_1MB.csv
60iH-)&4gnP222,Add an amount every period,8,40182,Yearly,
01iS-)&1oeW222,Add an amount every period,8,21316,Yearly,Attachments File/Report_65MB.csv
19uG-)&113S222,Set a fixed amount every period,1,79549,Monthly,Attachments File/Report_65MB.csv
65xG-)&0m2Q222,Add an amount every period and correct for overspending,1,92253,Monthly,Attachments File/Report_1MB.csv
02rP-)&2r4C222,Set a fixed amount every period,8,15256,Yearly,Attachments File/Report_1MB.csv
21cZ-)&78nK222,Add an amount every period and correct for overspending,8,1128,Yearly,Attachments File/Report_1MB.csv
71oZ-)&99aZ222,Set a fixed amount every period,1,94724,Monthly,Attachments File/Report_65MB.csv
86cN-)&3etY222,Add an amount every period,8,58395,Weekly,
88pJ-)&5t5H222,Add an amount every period and correct for overspending,1,,Monthly,Attachments File/Report_1MB.csv
07oT-)&0ojC222,Set a fixed amount every period,8,17702,Yearly,Attachments File/Report_1MB.csv
50mJ-)&9d3L222,No auto-budget,8,82379,Weekly,Attachments File/Report_1MB.csv
09xD-)&2xgF222,Add an amount every period and correct for overspending,1,,Monthly,Attachments File/Report_1MB.csv
35wV-)&9jqD222,No auto-budget,1,,Yearly,Attachments File/Report_1MB.csv
00aU-)&58bP222,Add an amount every period,1,20900,Daily,Attachments File/Report_65MB.csv
22zG-)&934A222,Add an amount every period,8,75203,Monthly,Attachments File/Report_1MB.csv
04iY-)&000P222,No auto-budget,1,6461,Yearly,Attachments File/Report_1MB.csv
96aD-)&6b5U222,Add an amount every period,8,33616,Daily,
80zV-)&8qzV222,Set a fixed amount every period,1,89749,Monthly,Attachments File/Report_1MB.csv
45tF-)&2zcT222,Add an amount every period,1,26526,Weekly,Attachments File/Report_1MB.csv
70kU-)&1m7Y222,Add an amount every period,1,33807,Daily,Attachments File/Report_1MB.csv
48eY-)&13qL222,Set a fixed amount every period,1,,Monthly,Attachments File/Report_1MB.csv
02uQ-)&3oiI222,Add an amount every period,1,27574,Daily,Attachments File/Report_1MB.csv
70nR-)&7t3J222,No auto-budget,8,84433,Weekly,Attachments File/Report_1MB.csv
87vU-)&13vS222,No auto-budget,8,85751,Yearly,Attachments File/Report_1MB.csv
31lY-)&0pyN222,Add an amount every period,1,33734,Weekly,Attachments File/Report_1MB.csv
70aE-)&2oxN222,No auto-budget,1,12,Monthly,Attachments File/Report_65MB.csv
50bN-)&8pjQ222,Add an amount every period and correct for overspending,8,43375,Yearly,
83cN-)&9ivD222,Add an amount every period,1,12997,Yearly,Attachments File/Report_1MB.csv
11bR-)&6jwF222,Set a fixed amount every period,1,743,Monthly,Attachments File/Report_1MB.csv
62zC-)&5qjZ222,Add an amount every period and correct for overspending,1,28969,Monthly,Attachments File/Report_65MB.csv
49jY-)&09wC222,Add an amount every period,1,91419,Weekly,Attachments File/Report_1MB.csv
77nE-)&6uvP222,Add an amount every period and correct for overspending,8,86017,Monthly,Attachments File/Report_1MB.csv
,Add an amount every period and correct for overspending,1,66394,Weekly,Attachments File/Report_65MB.csv
79hG-)&0qjX222,Set a fixed amount every period,8,30176,Weekly,Attachments File/Report_1MB.csv
64nI-)&0ztS222,Add an amount every period,1,51614,Daily,Attachments File/Report_1MB.csv
83bO-)&53oU222,Add an amount every period and correct for overspending,8,4058,Weekly,Attachments File/Report_1MB.csv
10tJ-)&8emJ222,Add an amount every period and correct for overspending,1,70476,Daily,Attachments File/Report_1MB.csv
57eC-)&7h6M222,Add an amount every period and correct for overspending,8,21668,Monthly,Attachments File/Report_1MB.csv
01oW-)&2wpH222,No auto-budget,1,40582,Yearly,Attachments File/Report_1MB.csv
50mR-)&3ikV222,Add an amount every period and correct for overspending,8,71251,Monthly,Attachments File/Report_1MB.csv
50xL-)&7cgK222,Set a fixed amount every period,1,83063,Daily,Attachments File/Report_65MB.csv
27tX-)&1u0G222,Set a fixed amount every period,8,,Weekly,Attachments File/Report_1MB.csv
87vM-)&22zE222,No auto-budget,8,26345,,Attachments File/Report_65MB.csv
74eA-)&2ubK222,Add an amount every period,8,83834,Daily,Attachments File/Report_1MB.csv
09qB-)&9tvP222,Add an amount every period and correct for overspending,1,25489,,Attachments File/Report_1MB.csv
25iI-)&4luE222,No auto-budget,1,77740,Yearly,
63bS-)&725H222,Add an amount every period and correct for overspending,8,47407,Yearly,
66yM-)&9k1N222,Set a fixed amount every period,8,10934,,Attachments File/Report_1MB.csv
18rY-)&3u9O222,No auto-budget,8,3091,Daily,Attachments File/Report_1MB.csv
52lD-)&43bR222,No auto-budget,8,,,
,Set a fixed amount every period,8,52825,Yearly,Attachments File/Report_1MB.csv
,Add an amount every period,1,47642,Monthly,Attachments File/Report_1MB.csv
77yR-)&1qbG222,Set a fixed amount every period,1,5551,Yearly,Attachments File/Report_1MB.csv
98uJ-)&1qpF222,Add an amount every period,8,78971,Daily,Attachments File/Report_65MB.csv
25rD-)&8pyE222,Set a fixed amount every period,8,93254,Weekly,Attachments File/Report_1MB.csv
39cJ-)&9whX222,No auto-budget,8,17019,Yearly,Attachments File/Report_1MB.csv
40xI-)&4sfO222,Set a fixed amount every period,8,75301,Daily,Attachments File/Report_1MB.csv
35nO-)&1ldU222,Add an amount every period,8,84420,Monthly,Attachments File/Report_1MB.csv
39sI-)&4n0S222,Add an amount every period,1,60244,Daily,Attachments File/Report_1MB.csv
40iG-)&1anE222,Add an amount every period,8,90953,Daily,Attachments File/Report_1MB.csv
83yB-)&06kW222,Add an amount every period and correct for overspending,8,43133,Monthly,Attachments File/Report_1MB.csv
34zU-)&0lxS222,No auto-budget,1,50981,Daily,Attachments File/Report_1MB.csv
00hT-)&3jfX222,Add an amount every period and correct for overspending,1,16542,Monthly,Attachments File/Report_1MB.csv
77dF-)&4yrQ222,Add an amount every period,1,88441,Weekly,Attachments File/Report_1MB.csv
98jG-)&5qlD222,Add an amount every period and correct for overspending,8,30250,Daily,
99iL-)&9sgG222,Add an amount every period and correct for overspending,1,92850,Weekly,
74yS-)&5ewD222,Set a fixed amount every period,1,17874,Yearly,Attachments File/Report_1MB.csv
50rJ-)&0dxF222,Set a fixed amount every period,8,74445,Monthly,Attachments File/Report_65MB.csv
24cD-)&414V222,Add an amount every period,8,56663,Monthly,Attachments File/Report_1MB.csv
81aM-)&1vzA222,No auto-budget,1,1391,Monthly,Attachments File/Report_1MB.csv
55bR-)&6wiY222,Add an amount every period,1,88857,Monthly,Attachments File/Report_1MB.csv
72cN-)&4cxW222,Add an amount every period and correct for overspending,8,83327,Monthly,Attachments File/Report_1MB.csv
92nO-)&5drG222,Add an amount every period,8,5041,,
04uO-)&2a8X222,Add an amount every period,1,85583,Weekly,Attachments File/Report_1MB.csv
45kZ-)&7rvT222,No auto-budget,8,75172,Daily,Attachments File/Report_1MB.csv
98sI-)&33nU222,Add an amount every period and correct for overspending,1,26466,Yearly,Attachments File/Report_1MB.csv
84tE-)&4ubY222,Add an amount every period and correct for overspending,1,4639,Yearly,
39xU-)&69kP222,No auto-budget,1,73568,Weekly,Attachments File/Report_1MB.csv
,Add an amount every period,8,44336,Weekly,
73tY-)&5wuA222,Add an amount every period and correct for overspending,1,26484,Monthly,Attachments File/Report_1MB.csv
93rB-)&8e0F222,No auto-budget,1,83971,,Attachments File/Report_1MB.csv
51iB-)&9odQ222,No auto-budget,1,21257,Monthly,Attachments File/Report_65MB.csv
65oP-)&8d1C222,Add an amount every period and correct for overspending,1,59021,Weekly,Attachments File/Report_1MB.csv
26nN-)&0lyR222,No auto-budget,1,87129,Monthly,Attachments File/Report_1MB.csv
95wR-)&728M222,No auto-budget,1,39274,Yearly,Attachments File/Report_65MB.csv
79hY-)&2a7H222,Set a fixed amount every period,1,69088,Weekly,Attachments File/Report_1MB.csv
31xW-)&36lU222,Set a fixed amount every period,8,18823,Yearly,Attachments File/Report_65MB.csv
59qL-)&347L222,Add an amount every period and correct for overspending,1,,,Attachments File/Report_1MB.csv
76bF-)&9nfD222,Set a fixed amount every period,8,19215,Monthly,Attachments File/Report_1MB.csv
90xG-)&2ooS222,Set a fixed amount every period,1,15248,Yearly,Attachments File/Report_1MB.csv
23bU-)&18yV222,Set a fixed amount every period,8,10589,Yearly,Attachments File/Report_1MB.csv
78aO-)&1s4S222,Add an amount every period,8,86609,Yearly,
58vP-)&12vC222,No auto-budget,1,83828,Yearly,Attachments File/Report_1MB.csv
84uP-)&83zG222,Add an amount every period,8,85289,Yearly,Attachments File/Report_1MB.csv
58jP-)&7h5L222,Set a fixed amount every period,8,42658,Weekly,Attachments File/Report_65MB.csv
09bH-)&8nbI222,Add an amount every period and correct for overspending,8,12305,Daily,
12sM-)&6bhG222,Set a fixed amount every period,8,57508,Daily,Attachments File/Report_1MB.csv
20yC-)&1nxR222,Add an amount every period,8,90848,Daily,Attachments File/Report_1MB.csv
91vM-)&4z7B222,No auto-budget,1,58794,Daily,Attachments File/Report_1MB.csv
56rT-)&2m7A222,Add an amount every period and correct for overspending,8,67475,Daily,Attachments File/Report_65MB.csv
46oY-)&46fL222,Add an amount every period,1,87272,Yearly,Attachments File/Report_1MB.csv
92mM-)&9wyG222,No auto-budget,8,11404,Monthly,Attachments File/Report_1MB.csv
23jL-)&8zfS222,Add an amount every period and correct for overspending,1,70336,Weekly,Attachments File/Report_1MB.csv
20xK-)&99oA222,No auto-budget,8,85763,Monthly,Attachments File/Report_1MB.csv
63nL-)&6mhH222,Add an amount every period and correct for overspending,8,97046,Monthly,Attachments File/Report_1MB.csv
,Add an amount every period and correct for overspending,1,77096,Weekly,Attachments File/Report_1MB.csv
43vH-)&7tvN222,Add an amount every period,1,53212,Yearly,
76oQ-)&50rY222,No auto-budget,1,22243,Monthly,
94aN-)&8thY222,Add an amount every period and correct for overspending,1,94853,Daily,Attachments File/Report_1MB.csv
10rJ-)&5mwS222,Add an amount every period and correct for overspending,8,,Daily,Attachments File/Report_1MB.csv
51oS-)&1szN222,Set a fixed amount every period,1,76405,,Attachments File/Report_1MB.csv
91yG-)&7vvR222,Add an amount every period and correct for overspending,8,9021,Daily,
58gI-)&3bdL222,No auto-budget,1,98278,Monthly,
74uA-)&2x1Q222,Set a fixed amount every period,1,96928,Monthly,
39aT-)&8gaI222,Add an amount every period,1,45376,Daily,Attachments File/Report_65MB.csv
31zG-)&5rhG222,Add an amount every period,8,40735,Monthly,Attachments File/Report_1MB.csv
75mU-)&11vG222,No auto-budget,1,,Yearly,Attachments File/Report_1MB.csv
31uE-)&6vdM222,No auto-budget,8,11484,Monthly,Attachments File/Report_1MB.csv
02hC-)&35uN222,Add an amount every period,1,25194,Weekly,Attachments File/Report_1MB.csv
71wF-)&2x1J222,Add an amount every period and correct for overspending,8,67940,,Attachments File/Report_1MB.csv
28iN-)&5twF222,Add an amount every period and correct for overspending,1,41528,Weekly,Attachments File/Report_1MB.csv
,Add an amount every period and correct for overspending,8,82051,Weekly,Attachments File/Report_1MB.csv
25cM-)&6i0A222,Set a fixed amount every period,8,94909,Yearly,Attachments File/Report_1MB.csv
14cV-)&2whD222,No auto-budget,8,1274,,Attachments File/Report_1MB.csv
43fP-)&0lyB222,Set a fixed amount every period,1,,Monthly,
19sN-)&825X222,Add an amount every period,8,41387,Monthly,
77uH-)&0cnI222,Set a fixed amount every period,1,69372,Weekly,Attachments File/Report_65MB.csv
52lT-)&4wjS222,No auto-budget,8,77238,Yearly,Attachments File/Report_1MB.csv
93mI-)&607B222,Add an amount every period,8,18128,Yearly,
89oO-)&77pL222,Add an amount every period,1,71294,Monthly,Attachments File/Report_1MB.csv
90sI-)&4j9Q222,Add an amount every period,8,5253,Daily,Attachments File/Report_1MB.csv
,No auto-budget,8,65568,Weekly,Attachments File/Report_1MB.csv
13rF-)&6suV222,Set a fixed amount every period,8,45081,,Attachments File/Report_1MB.csv
33fE-)&8rdS222,Add an amount every period,1,46445,Yearly,
24cN-)&3vkO222,Set a fixed amount every period,8,61233,Yearly,Attachments File/Report_1MB.csv
88iF-)&4ieF222,Add an amount every period and correct for overspending,1,30445,Monthly,
40jN-)&51eH222,No auto-budget,1,82281,Daily,Attachments File/Report_1MB.csv
23hU-)&4toO222,Set a fixed amount every period,1,50869,Weekly,Attachments File/Report_1MB.csv
12iL-)&1ubX222,Add an amount every period,1,83327,Weekly,Attachments File/Report_1MB.csv
46fV-)&1rrS222,Add an amount every period and correct for overspending,8,,Yearly,Attachments File/Report_1MB.csv
54yN-)&7esR222,Set a fixed amount every period,1,56023,Monthly,Attachments File/Report_1MB.csv
25wH-)&03mB222,Add an amount every period,1,37217,Monthly,Attachments File/Report_1MB.csv
54qU-)&67qG222,No auto-budget,1,36770,Monthly,Attachments File/Report_1MB.csv
38xW-)&26iD222,Set a fixed amount every period,1,42139,Yearly,Attachments File/Report_1MB.csv
25cB-)&4kzJ222,Add an amount every period,8,64483,Yearly,Attachments File/Report_1MB.csv
15vG-)&3wcB222,Set a fixed amount every period,8,65429,Weekly,Attachments File/Report_65MB.csv
11eA-)&1i4S222,Add an amount every period,1,91853,,Attachments File/Report_1MB.csv
89zO-)&0mpO222,Set a fixed amount every period,1,12400,Yearly,Attachments File/Report_1MB.csv
,Set a fixed amount every period,8,70908,Weekly,Attachments File/Report_65MB.csv
63sN-)&482W222,Add an amount every period,1,21336,Daily,Attachments File/Report_1MB.csv
40xK-)&7woI222,No auto-budget,8,98732,Monthly,Attachments File/Report_65MB.csv
52dT-)&19xQ222,No auto-budget,1,48721,Yearly,Attachments File/Report_1MB.csv
,No auto-budget,1,85685,Yearly,Attachments File/Report_1MB.csv
33fS-)&6g4P222,Add an amount every period,1,93526,Yearly,Attachments File/Report_1MB.csv
70eD-)&1pvQ222,Set a fixed amount every period,8,28247,Weekly,
38dY-)&0c2Y222,No auto-budget,1,30915,Daily,Attachments File/Report_1MB.csv
50vX-)&2laX222,Set a fixed amount every period,1,13894,Daily,Attachments File/Report_1MB.csv
13pF-)&1vpT222,No auto-budget,1,46249,Yearly,Attachments File/Report_1MB.csv
,No auto-budget,8,76400,Daily,Attachments File/Report_65MB.csv
10yL-)&8lxA222,Add an amount every period and correct for overspending,1,53948,Monthly,Attachments File/Report_1MB.csv
72mX-)&7vcH222,Set a fixed amount every period,1,33971,Monthly,Attachments File/Report_1MB.csv
86rE-)&91uW222,Set a fixed amount every period,1,55853,Daily,Attachments File/Report_1MB.csv
73rG-)&0muS222,Add an amount every period,1,58407,Monthly,Attachments File/Report_1MB.csv
46pK-)&9aoX222,Set a fixed amount every period,8,64138,Daily,Attachments File/Report_1MB.csv
10bY-)&36iF222,Add an amount every period,8,41338,Yearly,Attachments File/Report_1MB.csv
40hW-)&0tzB222,No auto-budget,1,67842,Monthly,
32pH-)&90qE222,Set a fixed amount every period,8,35997,Daily,Attachments File/Report_65MB.csv
93cE-)&9f8D222,No auto-budget,1,71623,Weekly,Attachments File/Report_1MB.csv
